id;tab_number;full_name;park_id;classes;home_vehicle_id;schedule;medical
P07-D0001;070001;Александров Дмитрий Юрьевич;P07;medium|big|extra_big;P07-V0345;day_off;
P07-D0002;070002;Захаров Сергей Алексеевич;P07;medium|big|extra_big;;work;pending
P07-D0003;070003;Семёнов Константин Михайлович;P07;medium|big;P07-V0226;work;pending
P07-D0004;070004;Воробьёв Денис Викторович;P07;medium|big;P07-V0184;day_off;
P07-D0005;070005;Виноградов Виктор Сергеевич;P07;medium|big|extra_big;;work;pending
P07-D0006;070006;Поляков Владимир Андреевич;P07;medium|big;P07-V0020;day_off;
P07-D0007;070007;Фролов Максим Петрович;P07;medium|big;P07-V0074;day_off;
P07-D0008;070008;Васильев Виктор Иванович;P07;medium|big|extra_big;;day_off;
P07-D0009;070009;Лебедев Евгений Алексеевич;P07;medium|big;P07-V0117;work;pending
P07-D0010;070010;Кузнецов Михаил Алексеевич;P07;medium|big|extra_big;;work;pending
P07-D0011;070011;Ильин Юрий Алексеевич;P07;medium|big|extra_big;P07-V0260;work;pending
P07-D0012;070012;Николаев Сергей Сергеевич;P07;medium|big|extra_big;P07-V0346;work;pending
P07-D0013;070013;Романов Артём Андреевич;P07;medium|big;P07-V0146;work;pending
P07-D0014;070014;Лебедева Марина Андреевна;P07;medium|big;P07-V0160;day_off;
P07-D0015;070015;Дмитриев Евгений Александрович;P07;medium|big;P07-V0082;work;pending
P07-D0016;070016;Иванов Дмитрий Павлович;P07;medium|big|extra_big;P07-V0373;work;pending
P07-D0017;070017;Павлов Николай Андреевич;P07;medium|big|extra_big;;work;pending
P07-D0018;070018;Васильев Константин Андреевич;P07;medium|big|extra_big;;work;pending
P07-D0019;070019;Поляков Александр Николаевич;P07;medium|big;P07-V0199;work;pending
P07-D0020;070020;Семёнов Александр Николаевич;P07;medium|big|extra_big;;work;pending
P07-D0021;070021;Фролов Михаил Николаевич;P07;medium|big;P07-V0117;work;pending
P07-D0022;070022;Попов Виктор Павлович;P07;medium|big;;day_off;
P07-D0023;070023;Поляков Владимир Николаевич;P07;medium|big;P07-V0178;work;pending
P07-D0024;070024;Петров Артём Викторович;P07;medium|big;P07-V0181;work;pending
P07-D0025;070025;Андреев Игорь Петрович;P07;medium|big|extra_big;;work;pending
P07-D0026;070026;Алексеев Виктор Игоревич;P07;medium|big;P07-V0186;work;pending
P07-D0027;070027;Егоров Игорь Юрьевич;P07;medium|big|extra_big;;work;pending
P07-D0028;070028;Белов Игорь Андреевич;P07;medium|big|extra_big;;work;pending
P07-D0029;070029;Никитин Денис Викторович;P07;medium|big;P07-V0057;work;pending
P07-D0030;070030;Поляков Николай Дмитриевич;P07;medium|big|extra_big;;work;pending
P07-D0031;070031;Александрова Татьяна Юрьевна;P07;medium|big;P07-V0210;work;pending
P07-D0032;070032;Козлов Владимир Андреевич;P07;medium|big|extra_big;P07-V0267;day_off;
P07-D0033;070033;Морозов Иван Юрьевич;P07;medium|big;P07-V0045;day_off;
P07-D0034;070034;Семёнов Николай Николаевич;P07;medium|big|extra_big;;work;pending
P07-D0035;070035;Максимов Сергей Алексеевич;P07;medium|big|extra_big;P07-V0377;work;pending
P07-D0036;070036;Фёдоров Юрий Павлович;P07;medium|big|extra_big;P07-V0334;work;pending
P07-D0037;070037;Николаев Павел Петрович;P07;medium|big;P07-V0240;day_off;
P07-D0038;070038;Ильин Игорь Дмитриевич;P07;medium|big|extra_big;P07-V0296;work;pending
P07-D0039;070039;Павлов Константин Владимирович;P07;medium|big|extra_big;P07-V0300;work;pending
P07-D0040;070040;Макаров Андрей Андреевич;P07;medium|big|extra_big;;work;pending
P07-D0041;070041;Павлов Николай Сергеевич;P07;medium|big|extra_big;P07-V0368;work;pending
P07-D0042;070042;Григорьев Игорь Петрович;P07;medium|big|extra_big;;work;pending
P07-D0043;070043;Андреева Галина Петровна;P07;medium|big|extra_big;;work;pending
P07-D0044;070044;Воробьёв Юрий Иванович;P07;medium|big;P07-V0157;work;pending
P07-D0045;070045;Борисов Иван Иванович;P07;medium|big|extra_big;;work;pending
P07-D0046;070046;Медведев Юрий Владимирович;P07;medium|big;P07-V0026;work;pending
P07-D0047;070047;Зайцев Андрей Алексеевич;P07;medium|big;;work;pending
P07-D0048;070048;Медведев Павел Андреевич;P07;medium|big;P07-V0162;day_off;
P07-D0049;070049;Королёв Дмитрий Николаевич;P07;medium|big|extra_big;P07-V0287;work;pending
P07-D0050;070050;Захаров Николай Александрович;P07;medium|big;P07-V0188;day_off;
P07-D0051;070051;Михайлов Максим Дмитриевич;P07;medium|big|extra_big;;day_off;
P07-D0052;070052;Захаров Владимир Андреевич;P07;medium|big|extra_big;P07-V0358;day_off;
P07-D0053;070053;Ильин Олег Сергеевич;P07;medium|big|extra_big;;work;pending
P07-D0054;070054;Сергеев Михаил Владимирович;P07;medium|big;;work;pending
P07-D0055;070055;Захаров Константин Юрьевич;P07;medium|big|extra_big;P07-V0420;day_off;
P07-D0056;070056;Волков Владимир Александрович;P07;medium|big|extra_big;P07-V0292;day_off;
P07-D0057;070057;Новиков Артём Сергеевич;P07;medium|big;P07-V0078;work;pending
P07-D0058;070058;Иванов Николай Александрович;P07;medium|big|extra_big;;work;pending
P07-D0059;070059;Попов Алексей Алексеевич;P07;medium|big;P07-V0139;work;pending
P07-D0060;070060;Новиков Константин Сергеевич;P07;medium|big;P07-V0145;day_off;
P07-D0061;070061;Соловьёв Алексей Алексеевич;P07;medium|big;P07-V0085;work;pending
P07-D0062;070062;Васильев Михаил Дмитриевич;P07;medium|big;P07-V0014;work;pending
P07-D0063;070063;Киселёв Виктор Николаевич;P07;medium|big;P07-V0170;work;pending
P07-D0064;070064;Александров Иван Петрович;P07;medium|big;P07-V0135;work;pending
P07-D0065;070065;Васильев Николай Иванович;P07;medium|big;P07-V0197;work;pending
P07-D0066;070066;Васильев Николай Юрьевич;P07;medium|big;P07-V0132;day_off;
P07-D0067;070067;Ильин Алексей Викторович;P07;medium|big;P07-V0213;work;pending
P07-D0068;070068;Дмитриев Константин Алексеевич;P07;medium|big;P07-V0160;day_off;
P07-D0069;070069;Никитин Игорь Сергеевич;P07;medium|big;P07-V0233;work;pending
P07-D0070;070070;Волков Юрий Юрьевич;P07;medium|big|extra_big;P07-V0326;work;pending
P07-D0071;070071;Дмитриев Владимир Викторович;P07;medium|big;P07-V0028;work;pending
P07-D0072;070072;Новиков Юрий Игоревич;P07;medium|big;;work;pending
P07-D0073;070073;Антонов Роман Николаевич;P07;medium|big|extra_big;;work;pending
P07-D0074;070074;Виноградов Олег Игоревич;P07;medium|big;P07-V0051;day_off;
P07-D0075;070075;Сорокин Сергей Викторович;P07;medium|big|extra_big;;work;pending
P07-D0076;070076;Попов Роман Михайлович;P07;medium|big;;work;pending
P07-D0077;070077;Морозов Константин Юрьевич;P07;medium|big|extra_big;;day_off;
P07-D0078;070078;Никитин Николай Михайлович;P07;medium|big;P07-V0143;work;pending
P07-D0079;070079;Александров Иван Владимирович;P07;medium|big;;work;pending
P07-D0080;070080;Лебедев Евгений Андреевич;P07;medium|big;P07-V0101;work;pending
P07-D0081;070081;Соколов Владимир Петрович;P07;medium|big|extra_big;P07-V0389;day_off;
P07-D0082;070082;Борисов Евгений Игоревич;P07;medium|big|extra_big;P07-V0284;work;pending
P07-D0083;070083;Воробьёва Татьяна Павловна;P07;medium|big;;work;pending
P07-D0084;070084;Максимова Ирина Павловна;P07;medium|big;P07-V0155;work;pending
P07-D0085;070085;Ильин Роман Дмитриевич;P07;medium|big;P07-V0030;day_off;
P07-D0086;070086;Орлов Дмитрий Николаевич;P07;medium|big|extra_big;;work;pending
P07-D0087;070087;Морозова Марина Игоревна;P07;medium|big;P07-V0242;work;pending
P07-D0088;070088;Морозова Анна Петровна;P07;medium|big;;work;pending
P07-D0089;070089;Воробьёв Юрий Михайлович;P07;medium|big;;work;pending
P07-D0090;070090;Смирнов Юрий Юрьевич;P07;medium|big|extra_big;P07-V0417;work;pending
P07-D0091;070091;Захаров Александр Дмитриевич;P07;medium|big;;work;pending
P07-D0092;070092;Дмитриева Татьяна Юрьевна;P07;medium|big;P07-V0238;work;pending
P07-D0093;070093;Поляков Алексей Петрович;P07;medium|big|extra_big;;work;pending
P07-D0094;070094;Яковлев Роман Петрович;P07;medium|big;P07-V0035;work;pending
P07-D0095;070095;Фёдоров Денис Андреевич;P07;medium|big|extra_big;;day_off;
P07-D0096;070096;Захарова Ольга Павловна;P07;medium|big;;work;pending
P07-D0097;070097;Васильев Максим Павлович;P07;medium|big|extra_big;P07-V0362;work;pending
P07-D0098;070098;Никитина Марина Дмитриевна;P07;medium|big;;work;pending
P07-D0099;070099;Семёнов Михаил Владимирович;P07;medium|big|extra_big;P07-V0391;day_off;
P07-D0100;070100;Егоров Олег Дмитриевич;P07;medium|big|extra_big;;work;pending
P07-D0101;070101;Поляков Максим Павлович;P07;medium|big;P07-V0214;work;pending
P07-D0102;070102;Ильин Владимир Викторович;P07;medium|big|extra_big;P07-V0324;work;pending
P07-D0103;070103;Лебедев Константин Алексеевич;P07;medium|big|extra_big;P07-V0305;work;pending
P07-D0104;070104;Иванова Светлана Ивановна;P07;medium|big;P07-V0102;day_off;
P07-D0105;070105;Петров Михаил Иванович;P07;medium|big;P07-V0078;work;pending
P07-D0106;070106;Григорьева Наталья Игоревна;P07;medium|big;P07-V0228;day_off;
P07-D0107;070107;Александров Алексей Александрович;P07;medium|big;;work;pending
P07-D0108;070108;Орлов Павел Юрьевич;P07;medium|big|extra_big;P07-V0346;day_off;
P07-D0109;070109;Яковлев Виктор Павлович;P07;medium|big|extra_big;;work;pending
P07-D0110;070110;Григорьев Виктор Петрович;P07;medium|big|extra_big;P07-V0284;work;pending
P07-D0111;070111;Никитин Константин Александрович;P07;medium|big|extra_big;P07-V0302;work;pending
P07-D0112;070112;Макаров Александр Михайлович;P07;medium|big|extra_big;P07-V0277;day_off;
P07-D0113;070113;Соколов Виктор Владимирович;P07;medium|big;;work;pending
P07-D0114;070114;Николаев Владимир Павлович;P07;medium|big;;work;pending
P07-D0115;070115;Антонов Николай Михайлович;P07;medium|big|extra_big;P07-V0383;day_off;
P07-D0116;070116;Кузнецов Михаил Александрович;P07;medium|big;P07-V0191;work;pending
P07-D0117;070117;Киселёв Сергей Владимирович;P07;medium|big|extra_big;P07-V0259;day_off;
P07-D0118;070118;Козлов Игорь Иванович;P07;medium|big|extra_big;P07-V0270;work;pending
P07-D0119;070119;Васильев Александр Павлович;P07;medium|big;P07-V0241;work;pending
P07-D0120;070120;Новиков Игорь Иванович;P07;medium|big;P07-V0086;work;pending
P07-D0121;070121;Воробьёв Евгений Александрович;P07;medium|big|extra_big;;work;pending
P07-D0122;070122;Ковалёв Владимир Николаевич;P07;medium|big;P07-V0103;work;pending
P07-D0123;070123;Фролов Игорь Викторович;P07;medium|big|extra_big;P07-V0379;work;pending
P07-D0124;070124;Иванов Максим Александрович;P07;medium|big;P07-V0043;day_off;
P07-D0125;070125;Белов Алексей Иванович;P07;medium|big;P07-V0178;day_off;
P07-D0126;070126;Макаров Владимир Сергеевич;P07;medium|big;;day_off;
P07-D0127;070127;Дмитриев Алексей Юрьевич;P07;medium|big|extra_big;;day_off;
P07-D0128;070128;Новиков Олег Николаевич;P07;medium|big|extra_big;P07-V0398;work;pending
P07-D0129;070129;Алексеев Дмитрий Андреевич;P07;medium|big|extra_big;P07-V0387;day_off;
P07-D0130;070130;Новикова Ирина Ивановна;P07;medium|big;;work;pending
P07-D0131;070131;Козлова Наталья Михайловна;P07;medium|big|extra_big;;work;pending
P07-D0132;070132;Ковалёва Анна Петровна;P07;medium|big;P07-V0007;work;pending
P07-D0133;070133;Белов Евгений Николаевич;P07;medium|big|extra_big;;work;pending
P07-D0134;070134;Виноградов Павел Андреевич;P07;medium|big;;work;pending
P07-D0135;070135;Яковлев Максим Михайлович;P07;medium|big;P07-V0112;work;pending
P07-D0136;070136;Волкова Татьяна Алексеевна;P07;medium|big;P07-V0025;work;pending
P07-D0137;070137;Ковалёва Елена Петровна;P07;medium|big|extra_big;P07-V0332;work;pending
P07-D0138;070138;Иванов Роман Сергеевич;P07;medium|big|extra_big;;work;pending
P07-D0139;070139;Иванов Алексей Иванович;P07;medium|big;P07-V0153;work;pending
P07-D0140;070140;Белов Иван Николаевич;P07;medium|big;P07-V0093;work;pending
P07-D0141;070141;Захаров Иван Дмитриевич;P07;medium|big;P07-V0055;work;pending
P07-D0142;070142;Козлов Михаил Андреевич;P07;medium|big;P07-V0180;work;pending
P07-D0143;070143;Петров Андрей Михайлович;P07;medium|big|extra_big;P07-V0329;work;pending
P07-D0144;070144;Михайлов Владимир Иванович;P07;medium|big|extra_big;P07-V0364;day_off;
P07-D0145;070145;Лебедев Артём Михайлович;P07;medium|big|extra_big;P07-V0416;work;pending
P07-D0146;070146;Яковлев Андрей Иванович;P07;medium|big|extra_big;;day_off;
P07-D0147;070147;Борисов Михаил Викторович;P07;medium|big|extra_big;P07-V0331;work;pending
P07-D0148;070148;Волков Михаил Викторович;P07;medium|big;P07-V0210;day_off;
P07-D0149;070149;Виноградов Иван Петрович;P07;medium|big;P07-V0184;work;pending
P07-D0150;070150;Петров Андрей Владимирович;P07;medium|big|extra_big;P07-V0306;day_off;
P07-D0151;070151;Васильев Олег Юрьевич;P07;medium|big|extra_big;;work;pending
P07-D0152;070152;Зайцев Олег Петрович;P07;medium|big;P07-V0066;work;pending
P07-D0153;070153;Борисов Андрей Игоревич;P07;medium|big|extra_big;;day_off;
P07-D0154;070154;Алексеев Максим Николаевич;P07;medium|big;P07-V0083;work;pending
P07-D0155;070155;Макаров Олег Павлович;P07;medium|big|extra_big;;work;pending
P07-D0156;070156;Иванов Юрий Дмитриевич;P07;medium|big;;day_off;
P07-D0157;070157;Сорокин Игорь Юрьевич;P07;medium|big|extra_big;;work;pending
P07-D0158;070158;Белов Михаил Игоревич;P07;medium|big;P07-V0087;day_off;
P07-D0159;070159;Гусева Ольга Алексеевна;P07;medium|big;;work;pending
P07-D0160;070160;Козлов Михаил Юрьевич;P07;medium|big|extra_big;;work;pending
P07-D0161;070161;Белов Константин Юрьевич;P07;medium|big;P07-V0237;day_off;
P07-D0162;070162;Егоров Алексей Владимирович;P07;medium|big;P07-V0220;day_off;
P07-D0163;070163;Воробьёв Денис Иванович;P07;medium|big;P07-V0038;work;pending
P07-D0164;070164;Степанов Андрей Павлович;P07;medium|big|extra_big;P07-V0402;work;pending
P07-D0165;070165;Королёв Денис Николаевич;P07;medium|big;;day_off;
P07-D0166;070166;Семёнов Константин Николаевич;P07;medium|big|extra_big;P07-V0293;work;pending
P07-D0167;070167;Медведев Денис Петрович;P07;medium|big;P07-V0172;work;pending
P07-D0168;070168;Волков Николай Александрович;P07;medium|big;P07-V0231;day_off;
P07-D0169;070169;Смирнов Денис Михайлович;P07;medium|big|extra_big;;work;pending
P07-D0170;070170;Фролов Юрий Юрьевич;P07;medium|big;P07-V0240;work;pending
P07-D0171;070171;Морозов Владимир Иванович;P07;medium|big|extra_big;;day_off;
P07-D0172;070172;Сергеев Алексей Игоревич;P07;medium|big;P07-V0063;work;pending
P07-D0173;070173;Дмитриев Алексей Сергеевич;P07;medium|big|extra_big;P07-V0392;work;pending
P07-D0174;070174;Александров Олег Алексеевич;P07;medium|big;;work;pending
P07-D0175;070175;Медведева Марина Андреевна;P07;medium|big|extra_big;;work;pending
P07-D0176;070176;Макаров Артём Викторович;P07;medium|big|extra_big;;work;pending
P07-D0177;070177;Попов Сергей Петрович;P07;medium|big;P07-V0243;day_off;
P07-D0178;070178;Медведев Евгений Юрьевич;P07;medium|big;P07-V0200;work;pending
P07-D0179;070179;Виноградов Евгений Павлович;P07;medium|big|extra_big;;work;pending
P07-D0180;070180;Захаров Дмитрий Владимирович;P07;medium|big|extra_big;;work;pending
P07-D0181;070181;Гусев Дмитрий Юрьевич;P07;medium|big;P07-V0171;work;pending
P07-D0182;070182;Борисов Александр Сергеевич;P07;medium|big;P07-V0071;day_off;
P07-D0183;070183;Егоров Николай Владимирович;P07;medium|big;;work;pending
P07-D0184;070184;Андреев Евгений Дмитриевич;P07;medium|big;P07-V0189;work;pending
P07-D0185;070185;Григорьев Константин Владимирович;P07;medium|big;P07-V0156;work;pending
P07-D0186;070186;Белов Роман Игоревич;P07;medium|big;;work;pending
P07-D0187;070187;Захаров Андрей Сергеевич;P07;medium|big;P07-V0076;day_off;
P07-D0188;070188;Николаев Роман Павлович;P07;medium|big;P07-V0236;day_off;
P07-D0189;070189;Лебедев Юрий Павлович;P07;medium|big;;work;pending
P07-D0190;070190;Волков Виктор Юрьевич;P07;medium|big;P07-V0203;work;pending
P07-D0191;070191;Захаров Роман Петрович;P07;medium|big;P07-V0142;work;pending
P07-D0192;070192;Семёнов Александр Дмитриевич;P07;medium|big;;day_off;
P07-D0193;070193;Степанов Павел Алексеевич;P07;medium|big;P07-V0087;work;pending
P07-D0194;070194;Михайлов Дмитрий Викторович;P07;medium|big;;work;pending
P07-D0195;070195;Лебедев Николай Павлович;P07;medium|big|extra_big;P07-V0348;day_off;
P07-D0196;070196;Соловьёв Михаил Александрович;P07;medium|big;P07-V0072;work;pending
P07-D0197;070197;Ковалёв Павел Юрьевич;P07;medium|big;P07-V0258;work;pending
P07-D0198;070198;Фролов Денис Андреевич;P07;medium|big;P07-V0213;work;pending
P07-D0199;070199;Белова Татьяна Андреевна;P07;medium|big;;work;pending
P07-D0200;070200;Сергеев Роман Игоревич;P07;medium|big;P07-V0139;work;pending
P07-D0201;070201;Поляков Алексей Алексеевич;P07;medium|big;;day_off;
P07-D0202;070202;Смирнов Константин Павлович;P07;medium|big;P07-V0060;work;pending
P07-D0203;070203;Макаров Николай Николаевич;P07;medium|big;;work;pending
P07-D0204;070204;Козлов Константин Дмитриевич;P07;medium|big|extra_big;;work;pending
P07-D0205;070205;Романов Иван Петрович;P07;medium|big;;work;pending
P07-D0206;070206;Соловьёв Роман Алексеевич;P07;medium|big|extra_big;P07-V0404;work;pending
P07-D0207;070207;Васильев Роман Сергеевич;P07;medium|big;P07-V0157;work;pending
P07-D0208;070208;Виноградов Денис Юрьевич;P07;medium|big;P07-V0099;work;pending
P07-D0209;070209;Семёнов Олег Игоревич;P07;medium|big;;day_off;
P07-D0210;070210;Егоров Владимир Андреевич;P07;medium|big;P07-V0192;day_off;
P07-D0211;070211;Соловьёва Марина Петровна;P07;medium|big|extra_big;;work;pending
P07-D0212;070212;Зайцев Андрей Дмитриевич;P07;medium|big;P07-V0042;work;pending
P07-D0213;070213;Морозов Виктор Владимирович;P07;medium|big|extra_big;;day_off;
P07-D0214;070214;Семёнов Игорь Алексеевич;P07;medium|big|extra_big;;work;pending
P07-D0215;070215;Иванов Дмитрий Алексеевич;P07;medium|big|extra_big;P07-V0412;work;pending
P07-D0216;070216;Антонов Евгений Николаевич;P07;medium|big|extra_big;P07-V0394;work;pending
P07-D0217;070217;Ковалёв Алексей Николаевич;P07;medium|big|extra_big;;work;pending
P07-D0218;070218;Соколов Максим Иванович;P07;medium|big;P07-V0156;work;pending
P07-D0219;070219;Борисов Павел Сергеевич;P07;medium|big;P07-V0254;work;pending
P07-D0220;070220;Поляков Евгений Михайлович;P07;medium|big;P07-V0049;work;pending
P07-D0221;070221;Яковлев Артём Александрович;P07;medium|big|extra_big;P07-V0262;work;pending
P07-D0222;070222;Максимов Игорь Дмитриевич;P07;medium|big|extra_big;;work;pending
P07-D0223;070223;Морозов Олег Алексеевич;P07;medium|big;P07-V0025;work;pending
P07-D0224;070224;Дмитриева Елена Петровна;P07;medium|big;P07-V0230;work;pending
P07-D0225;070225;Новиков Олег Андреевич;P07;medium|big|extra_big;;work;pending
P07-D0226;070226;Романов Игорь Андреевич;P07;medium|big;P07-V0177;work;pending
P07-D0227;070227;Смирнов Константин Игоревич;P07;medium|big|extra_big;;work;pending
P07-D0228;070228;Смирнов Роман Николаевич;P07;medium|big;P07-V0118;work;pending
P07-D0229;070229;Смирнов Виктор Иванович;P07;medium|big|extra_big;;day_off;
P07-D0230;070230;Соколов Константин Сергеевич;P07;medium|big;;work;pending
P07-D0231;070231;Смирнов Максим Иванович;P07;medium|big|extra_big;P07-V0359;day_off;
P07-D0232;070232;Лебедев Юрий Михайлович;P07;medium|big;;work;pending
P07-D0233;070233;Романов Николай Петрович;P07;medium|big;P07-V0041;work;pending
P07-D0234;070234;Иванов Игорь Андреевич;P07;medium|big;P07-V0138;work;pending
P07-D0235;070235;Борисов Юрий Юрьевич;P07;medium|big|extra_big;;work;pending
P07-D0236;070236;Яковлев Андрей Игоревич;P07;medium|big|extra_big;;work;pending
P07-D0237;070237;Попов Павел Николаевич;P07;medium|big;P07-V0183;work;pending
P07-D0238;070238;Алексеев Дмитрий Сергеевич;P07;medium|big;P07-V0095;work;pending
P07-D0239;070239;Гусев Дмитрий Викторович;P07;medium|big;P07-V0085;work;pending
P07-D0240;070240;Лебедев Михаил Викторович;P07;medium|big;P07-V0062;work;pending
P07-D0241;070241;Андреева Ирина Ивановна;P07;medium|big;P07-V0165;work;pending
P07-D0242;070242;Дмитриев Максим Викторович;P07;medium|big;;work;pending
P07-D0243;070243;Королёв Роман Владимирович;P07;medium|big;;day_off;
P07-D0244;070244;Захаров Денис Михайлович;P07;medium|big|extra_big;P07-V0370;day_off;
P07-D0245;070245;Романов Алексей Иванович;P07;medium|big;P07-V0140;work;pending
P07-D0246;070246;Иванов Алексей Андреевич;P07;medium|big;P07-V0074;day_off;
P07-D0247;070247;Лебедев Владимир Петрович;P07;medium|big|extra_big;;work;pending
P07-D0248;070248;Григорьев Максим Иванович;P07;medium|big|extra_big;;work;pending
P07-D0249;070249;Сергеев Иван Игоревич;P07;medium|big;;work;pending
P07-D0250;070250;Максимов Денис Павлович;P07;medium|big;P07-V0199;work;pending
P07-D0251;070251;Виноградов Игорь Юрьевич;P07;medium|big;P07-V0205;work;pending
P07-D0252;070252;Романов Николай Андреевич;P07;medium|big;;work;pending
P07-D0253;070253;Захаров Игорь Александрович;P07;medium|big;;work;pending
P07-D0254;070254;Ильин Николай Иванович;P07;medium|big;;day_off;
P07-D0255;070255;Фёдоров Сергей Николаевич;P07;medium|big;P07-V0133;work;pending
P07-D0256;070256;Макаров Алексей Павлович;P07;medium|big;;work;pending
P07-D0257;070257;Степанов Константин Викторович;P07;medium|big|extra_big;P07-V0340;work;pending
P07-D0258;070258;Воробьёв Иван Михайлович;P07;medium|big|extra_big;;work;pending
P07-D0259;070259;Максимов Иван Павлович;P07;medium|big|extra_big;P07-V0391;work;pending
P07-D0260;070260;Зайцев Андрей Юрьевич;P07;medium|big;P07-V0159;work;pending
P07-D0261;070261;Иванова Ольга Петровна;P07;medium|big|extra_big;;work;pending
P07-D0262;070262;Петров Игорь Петрович;P07;medium|big|extra_big;;work;pending
P07-D0263;070263;Попов Юрий Дмитриевич;P07;medium|big|extra_big;P07-V0280;work;pending
P07-D0264;070264;Андреев Павел Юрьевич;P07;medium|big|extra_big;;work;pending
P07-D0265;070265;Алексеев Михаил Петрович;P07;medium|big;P07-V0236;day_off;
P07-D0266;070266;Соловьёв Юрий Сергеевич;P07;medium|big|extra_big;;work;pending
P07-D0267;070267;Яковлев Дмитрий Петрович;P07;medium|big|extra_big;P07-V0320;work;pending
P07-D0268;070268;Иванова Марина Юрьевна;P07;medium|big;P07-V0058;work;pending
P07-D0269;070269;Киселёв Андрей Павлович;P07;medium|big;;work;pending
P07-D0270;070270;Сорокин Денис Андреевич;P07;medium|big|extra_big;;work;pending
P07-D0271;070271;Смирнов Иван Михайлович;P07;medium|big|extra_big;P07-V0409;work;pending
P07-D0272;070272;Степанов Алексей Юрьевич;P07;medium|big;P07-V0219;work;pending
P07-D0273;070273;Яковлева Наталья Александровна;P07;medium|big;P07-V0144;work;pending
P07-D0274;070274;Смирнов Алексей Викторович;P07;medium|big;P07-V0052;work;pending
P07-D0275;070275;Павлов Константин Сергеевич;P07;medium|big;;day_off;
P07-D0276;070276;Воробьёв Андрей Владимирович;P07;medium|big|extra_big;P07-V0261;work;pending
P07-D0277;070277;Новиков Владимир Алексеевич;P07;medium|big;P07-V0134;day_off;
P07-D0278;070278;Морозов Владимир Иванович;P07;medium|big|extra_big;P07-V0304;work;pending
P07-D0279;070279;Гусев Дмитрий Викторович;P07;medium|big;P07-V0191;work;pending
P07-D0280;070280;Иванов Павел Петрович;P07;medium|big|extra_big;P07-V0353;day_off;
P07-D0281;070281;Поляков Дмитрий Юрьевич;P07;medium|big|extra_big;P07-V0359;work;pending
P07-D0282;070282;Петров Евгений Алексеевич;P07;medium|big|extra_big;P07-V0357;work;pending
P07-D0283;070283;Александров Алексей Андреевич;P07;medium|big|extra_big;;work;pending
P07-D0284;070284;Николаев Артём Петрович;P07;medium|big;;work;pending
P07-D0285;070285;Михайлов Николай Алексеевич;P07;medium|big|extra_big;P07-V0379;day_off;
P07-D0286;070286;Яковлев Дмитрий Николаевич;P07;medium|big;P07-V0150;work;pending
P07-D0287;070287;Смирнов Александр Иванович;P07;medium|big;P07-V0227;work;pending
P07-D0288;070288;Степанов Павел Павлович;P07;medium|big|extra_big;P07-V0361;work;pending
P07-D0289;070289;Волков Артём Дмитриевич;P07;medium|big;P07-V0239;work;pending
P07-D0290;070290;Алексеев Артём Игоревич;P07;medium|big|extra_big;P07-V0375;work;pending
P07-D0291;070291;Поляков Николай Дмитриевич;P07;medium|big;P07-V0244;work;pending
P07-D0292;070292;Белов Сергей Михайлович;P07;medium|big;P07-V0090;day_off;
P07-D0293;070293;Егоров Павел Петрович;P07;medium|big|extra_big;;work;pending
P07-D0294;070294;Васильева Марина Павловна;P07;medium|big;P07-V0115;day_off;
P07-D0295;070295;Андреев Роман Павлович;P07;medium|big;P07-V0017;work;pending
P07-D0296;070296;Григорьев Иван Юрьевич;P07;medium|big;P07-V0039;day_off;
P07-D0297;070297;Поляков Сергей Юрьевич;P07;medium|big|extra_big;;work;pending
P07-D0298;070298;Лебедев Денис Юрьевич;P07;medium|big|extra_big;;work;pending
P07-D0299;070299;Антонов Юрий Сергеевич;P07;medium|big;P07-V0226;work;pending
P07-D0300;070300;Алексеев Александр Михайлович;P07;medium|big;P07-V0091;work;pending
P07-D0301;070301;Антонов Виктор Юрьевич;P07;medium|big|extra_big;P07-V0344;work;pending
P07-D0302;070302;Алексеев Евгений Алексеевич;P07;medium|big|extra_big;;work;pending
P07-D0303;070303;Сорокин Владимир Иванович;P07;medium|big|extra_big;P07-V0343;day_off;
P07-D0304;070304;Смирнов Владимир Юрьевич;P07;medium|big;P07-V0056;work;pending
P07-D0305;070305;Киселёв Дмитрий Алексеевич;P07;medium|big;;work;pending
P07-D0306;070306;Иванов Алексей Михайлович;P07;medium|big|extra_big;;day_off;
P07-D0307;070307;Ковалёв Максим Викторович;P07;medium|big|extra_big;;work;pending
P07-D0308;070308;Григорьев Дмитрий Иванович;P07;medium|big;P07-V0038;day_off;
P07-D0309;070309;Семёнов Андрей Викторович;P07;medium|big;P07-V0013;day_off;
P07-D0310;070310;Егоров Алексей Андреевич;P07;medium|big;;work;pending
P07-D0311;070311;Антонов Павел Николаевич;P07;medium|big;P07-V0163;day_off;
P07-D0312;070312;Петров Артём Александрович;P07;medium|big|extra_big;;work;pending
P07-D0313;070313;Григорьев Константин Иванович;P07;medium|big|extra_big;P07-V0299;work;pending
P07-D0314;070314;Макаров Олег Алексеевич;P07;medium|big|extra_big;;work;pending
P07-D0315;070315;Никитин Дмитрий Александрович;P07;medium|big;P07-V0140;work;pending
P07-D0316;070316;Захаров Сергей Алексеевич;P07;medium|big;P07-V0256;work;pending
P07-D0317;070317;Сорокин Максим Петрович;P07;medium|big|extra_big;P07-V0420;work;pending
P07-D0318;070318;Козлов Юрий Александрович;P07;medium|big;P07-V0228;work;pending
P07-D0319;070319;Антонов Артём Владимирович;P07;medium|big|extra_big;;work;pending
P07-D0320;070320;Сергеев Сергей Дмитриевич;P07;medium|big;P07-V0093;work;pending
P07-D0321;070321;Зайцев Николай Алексеевич;P07;medium|big|extra_big;;work;pending
P07-D0322;070322;Антонов Юрий Сергеевич;P07;medium|big;;day_off;
P07-D0323;070323;Соловьёв Алексей Викторович;P07;medium|big;P07-V0158;day_off;
P07-D0324;070324;Петров Игорь Алексеевич;P07;medium|big|extra_big;P07-V0326;work;pending
P07-D0325;070325;Королёв Юрий Петрович;P07;medium|big|extra_big;;work;pending
P07-D0326;070326;Смирнов Алексей Андреевич;P07;medium|big;P07-V0120;day_off;
P07-D0327;070327;Фёдорова Юлия Николаевна;P07;medium|big|extra_big;;work;pending
P07-D0328;070328;Антонов Денис Владимирович;P07;medium|big;P07-V0198;day_off;
P07-D0329;070329;Медведев Евгений Александрович;P07;medium|big|extra_big;P07-V0265;work;pending
P07-D0330;070330;Соловьёв Артём Владимирович;P07;medium|big;P07-V0170;work;pending
P07-D0331;070331;Борисов Александр Иванович;P07;medium|big;;work;pending
P07-D0332;070332;Павлова Ирина Викторовна;P07;medium|big|extra_big;;day_off;
P07-D0333;070333;Орлова Юлия Игоревна;P07;medium|big;;day_off;
P07-D0334;070334;Попов Дмитрий Дмитриевич;P07;medium|big|extra_big;P07-V0407;work;pending
P07-D0335;070335;Морозов Денис Алексеевич;P07;medium|big|extra_big;;work;pending
P07-D0336;070336;Фёдоров Максим Сергеевич;P07;medium|big;P07-V0203;work;pending
P07-D0337;070337;Фролов Алексей Сергеевич;P07;medium|big|extra_big;P07-V0323;work;pending
P07-D0338;070338;Григорьев Евгений Николаевич;P07;medium|big|extra_big;;day_off;
P07-D0339;070339;Воробьёва Наталья Игоревна;P07;medium|big;P07-V0221;work;pending
P07-D0340;070340;Смирнова Татьяна Юрьевна;P07;medium|big;;work;pending
P07-D0341;070341;Киселёв Павел Викторович;P07;medium|big;P07-V0034;work;pending
P07-D0342;070342;Романов Михаил Игоревич;P07;medium|big|extra_big;P07-V0351;work;pending
P07-D0343;070343;Ковалёв Сергей Андреевич;P07;medium|big|extra_big;;work;pending
P07-D0344;070344;Васильев Евгений Михайлович;P07;medium|big;P07-V0219;work;pending
P07-D0345;070345;Виноградов Павел Алексеевич;P07;medium|big;;work;pending
P07-D0346;070346;Николаев Роман Николаевич;P07;medium|big;P07-V0208;day_off;
P07-D0347;070347;Никитин Иван Михайлович;P07;medium|big;;work;pending
P07-D0348;070348;Ковалёв Алексей Николаевич;P07;medium|big|extra_big;P07-V0335;work;pending
P07-D0349;070349;Ковалёв Игорь Владимирович;P07;medium|big;P07-V0106;work;pending
P07-D0350;070350;Борисов Сергей Викторович;P07;medium|big;P07-V0246;work;pending
P07-D0351;070351;Степанов Павел Игоревич;P07;medium|big|extra_big;;day_off;
P07-D0352;070352;Воробьёв Максим Андреевич;P07;medium|big|extra_big;P07-V0327;work;pending
P07-D0353;070353;Фёдоров Андрей Дмитриевич;P07;medium|big|extra_big;;work;pending
P07-D0354;070354;Виноградов Павел Игоревич;P07;medium|big|extra_big;P07-V0269;day_off;
P07-D0355;070355;Морозов Юрий Иванович;P07;medium|big|extra_big;P07-V0303;day_off;
P07-D0356;070356;Николаев Александр Алексеевич;P07;medium|big|extra_big;P07-V0361;work;pending
P07-D0357;070357;Поляков Игорь Владимирович;P07;medium|big|extra_big;;day_off;
P07-D0358;070358;Воробьёв Сергей Павлович;P07;medium|big;;work;pending
P07-D0359;070359;Борисов Алексей Алексеевич;P07;medium|big;P07-V0246;day_off;
P07-D0360;070360;Орлов Виктор Андреевич;P07;medium|big;;work;pending
P07-D0361;070361;Михайлов Олег Сергеевич;P07;medium|big|extra_big;P07-V0365;work;pending
P07-D0362;070362;Фёдоров Роман Владимирович;P07;medium|big|extra_big;;work;pending
P07-D0363;070363;Фролов Алексей Андреевич;P07;medium|big|extra_big;;work;pending
P07-D0364;070364;Попов Олег Дмитриевич;P07;medium|big;P07-V0112;work;pending
P07-D0365;070365;Поляков Евгений Павлович;P07;medium|big;;work;pending
P07-D0366;070366;Кузнецова Елена Николаевна;P07;medium|big;;work;pending
P07-D0367;070367;Королёв Евгений Михайлович;P07;medium|big;P07-V0098;work;pending
P07-D0368;070368;Егоров Павел Алексеевич;P07;medium|big|extra_big;;work;pending
P07-D0369;070369;Яковлев Игорь Михайлович;P07;medium|big;;work;pending
P07-D0370;070370;Михайлов Евгений Юрьевич;P07;medium|big;P07-V0151;day_off;
P07-D0371;070371;Лебедев Иван Павлович;P07;medium|big;;day_off;
P07-D0372;070372;Медведева Светлана Алексеевна;P07;medium|big;P07-V0186;day_off;
P07-D0373;070373;Михайлов Евгений Николаевич;P07;medium|big;P07-V0251;work;pending
P07-D0374;070374;Александров Максим Алексеевич;P07;medium|big;P07-V0215;work;pending
P07-D0375;070375;Попов Роман Сергеевич;P07;medium|big|extra_big;;work;pending
P07-D0376;070376;Орлов Роман Александрович;P07;medium|big;P07-V0108;work;pending
P07-D0377;070377;Максимов Алексей Дмитриевич;P07;medium|big;P07-V0083;work;pending
P07-D0378;070378;Лебедев Евгений Владимирович;P07;medium|big|extra_big;;day_off;
P07-D0379;070379;Макаров Николай Дмитриевич;P07;medium|big;;work;pending
P07-D0380;070380;Ильин Игорь Александрович;P07;medium|big|extra_big;P07-V0324;work;pending
P07-D0381;070381;Сорокин Максим Юрьевич;P07;medium|big;P07-V0248;day_off;
P07-D0382;070382;Никитин Владимир Николаевич;P07;medium|big;P07-V0101;work;pending
P07-D0383;070383;Макаров Виктор Александрович;P07;medium|big|extra_big;P07-V0348;work;pending
P07-D0384;070384;Александров Олег Павлович;P07;medium|big;P07-V0115;work;pending
P07-D0385;070385;Фёдорова Ирина Дмитриевна;P07;medium|big;;work;pending
P07-D0386;070386;Воробьёв Роман Владимирович;P07;medium|big|extra_big;P07-V0340;work;pending
P07-D0387;070387;Александров Игорь Сергеевич;P07;medium|big;P07-V0031;work;pending
P07-D0388;070388;Медведев Дмитрий Игоревич;P07;medium|big|extra_big;;day_off;
P07-D0389;070389;Белов Алексей Викторович;P07;medium|big;P07-V0097;day_off;
P07-D0390;070390;Соловьёв Виктор Сергеевич;P07;medium|big;P07-V0166;work;pending
P07-D0391;070391;Соколов Артём Николаевич;P07;medium|big;P07-V0039;work;pending
P07-D0392;070392;Лебедева Галина Андреевна;P07;medium|big;P07-V0158;work;pending
P07-D0393;070393;Михайлов Олег Петрович;P07;medium|big|extra_big;P07-V0362;work;pending
P07-D0394;070394;Михайлов Павел Юрьевич;P07;medium|big|extra_big;P07-V0275;work;pending
P07-D0395;070395;Соловьёв Юрий Юрьевич;P07;medium|big;P07-V0241;work;pending
P07-D0396;070396;Поляков Юрий Владимирович;P07;medium|big;P07-V0001;work;pending
P07-D0397;070397;Яковлев Иван Николаевич;P07;medium|big|extra_big;P07-V0310;day_off;
P07-D0398;070398;Новиков Виктор Владимирович;P07;medium|big|extra_big;;work;pending
P07-D0399;070399;Соколов Алексей Михайлович;P07;medium|big|extra_big;P07-V0261;work;pending
P07-D0400;070400;Павлова Наталья Юрьевна;P07;medium|big|extra_big;;day_off;
P07-D0401;070401;Медведева Светлана Юрьевна;P07;medium|big|extra_big;;work;pending
P07-D0402;070402;Андреев Роман Александрович;P07;medium|big|extra_big;;day_off;
P07-D0403;070403;Ильин Константин Александрович;P07;medium|big|extra_big;P07-V0390;day_off;
P07-D0404;070404;Зайцев Виктор Сергеевич;P07;medium|big|extra_big;;work;pending
P07-D0405;070405;Попов Денис Александрович;P07;medium|big|extra_big;P07-V0272;work;pending
P07-D0406;070406;Воробьёв Олег Юрьевич;P07;medium|big;;work;pending
P07-D0407;070407;Новиков Константин Алексеевич;P07;medium|big|extra_big;;work;pending
P07-D0408;070408;Королёв Алексей Петрович;P07;medium|big|extra_big;P07-V0296;work;pending
P07-D0409;070409;Фёдоров Николай Викторович;P07;medium|big|extra_big;P07-V0263;work;pending
P07-D0410;070410;Смирнов Максим Петрович;P07;medium|big;;work;pending
P07-D0411;070411;Дмитриев Максим Владимирович;P07;medium|big;;work;pending
P07-D0412;070412;Максимов Юрий Николаевич;P07;medium|big;P07-V0092;day_off;
P07-D0413;070413;Егоров Игорь Павлович;P07;medium|big|extra_big;;work;pending
P07-D0414;070414;Ильин Олег Александрович;P07;medium|big;P07-V0179;work;pending
P07-D0415;070415;Соколов Владимир Иванович;P07;medium|big|extra_big;;work;pending
P07-D0416;070416;Борисов Денис Алексеевич;P07;medium|big|extra_big;;day_off;
P07-D0417;070417;Григорьев Артём Викторович;P07;medium|big;P07-V0075;work;pending
P07-D0418;070418;Никитин Андрей Алексеевич;P07;medium|big;P07-V0006;work;pending
P07-D0419;070419;Белов Павел Михайлович;P07;medium|big|extra_big;P07-V0405;work;pending
P07-D0420;070420;Соловьёв Максим Юрьевич;P07;medium|big|extra_big;P07-V0417;day_off;
P07-D0421;070421;Захарова Елена Игоревна;P07;medium|big|extra_big;P07-V0276;work;pending
P07-D0422;070422;Воробьёв Владимир Петрович;P07;medium|big|extra_big;;day_off;
P07-D0423;070423;Соколов Михаил Александрович;P07;medium|big;;day_off;
P07-D0424;070424;Ковалёв Алексей Владимирович;P07;medium|big;P07-V0192;day_off;
P07-D0425;070425;Григорьев Михаил Павлович;P07;medium|big|extra_big;P07-V0342;work;pending
P07-D0426;070426;Максимов Павел Алексеевич;P07;medium|big|extra_big;P07-V0414;work;pending
P07-D0427;070427;Волкова Анна Дмитриевна;P07;medium|big;P07-V0064;work;pending
P07-D0428;070428;Александров Иван Игоревич;P07;medium|big;P07-V0090;day_off;
P07-D0429;070429;Степанов Евгений Петрович;P07;medium|big;P07-V0153;day_off;
P07-D0430;070430;Романов Михаил Андреевич;P07;medium|big;P07-V0061;work;pending
P07-D0431;070431;Николаев Михаил Сергеевич;P07;medium|big;;day_off;
P07-D0432;070432;Зайцев Константин Юрьевич;P07;medium|big;P07-V0036;work;pending
P07-D0433;070433;Николаев Роман Павлович;P07;medium|big;;work;pending
P07-D0434;070434;Зайцева Светлана Юрьевна;P07;medium|big|extra_big;P07-V0400;work;pending
P07-D0435;070435;Киселёв Артём Михайлович;P07;medium|big;;work;pending
P07-D0436;070436;Ильин Алексей Андреевич;P07;medium|big;P07-V0130;work;pending
P07-D0437;070437;Степанов Олег Николаевич;P07;medium|big|extra_big;P07-V0268;day_off;
P07-D0438;070438;Андреев Алексей Алексеевич;P07;medium|big|extra_big;;day_off;
P07-D0439;070439;Алексеев Александр Алексеевич;P07;medium|big;P07-V0110;day_off;
P07-D0440;070440;Попова Анна Юрьевна;P07;medium|big|extra_big;;work;pending
P07-D0441;070441;Степанов Дмитрий Дмитриевич;P07;medium|big;;work;pending
P07-D0442;070442;Антонов Николай Сергеевич;P07;medium|big|extra_big;P07-V0408;day_off;
P07-D0443;070443;Волков Михаил Александрович;P07;medium|big;P07-V0066;work;pending
P07-D0444;070444;Яковлева Галина Михайловна;P07;medium|big;P07-V0040;work;pending
P07-D0445;070445;Сергеев Константин Михайлович;P07;medium|big|extra_big;;work;pending
P07-D0446;070446;Новиков Иван Игоревич;P07;medium|big;P07-V0005;work;pending
P07-D0447;070447;Фролов Роман Александрович;P07;medium|big|extra_big;P07-V0323;work;pending
P07-D0448;070448;Воробьёв Дмитрий Дмитриевич;P07;medium|big|extra_big;;work;pending
P07-D0449;070449;Сорокин Алексей Алексеевич;P07;medium|big;P07-V0159;day_off;
P07-D0450;070450;Козлов Дмитрий Юрьевич;P07;medium|big|extra_big;;day_off;
P07-D0451;070451;Смирнов Денис Александрович;P07;medium|big|extra_big;P07-V0370;work;pending
P07-D0452;070452;Волков Сергей Александрович;P07;medium|big;P07-V0220;work;pending
P07-D0453;070453;Кузнецов Александр Александрович;P07;medium|big|extra_big;;work;pending
P07-D0454;070454;Медведев Иван Алексеевич;P07;medium|big;;work;pending
P07-D0455;070455;Поляков Андрей Владимирович;P07;medium|big|extra_big;;work;pending
P07-D0456;070456;Алексеев Андрей Андреевич;P07;medium|big;P07-V0138;day_off;
P07-D0457;070457;Никитин Роман Андреевич;P07;medium|big;P07-V0254;work;pending
P07-D0458;070458;Захаров Константин Владимирович;P07;medium|big|extra_big;;work;pending
P07-D0459;070459;Петров Владимир Дмитриевич;P07;medium|big;P07-V0040;work;pending
P07-D0460;070460;Петров Павел Павлович;P07;medium|big;P07-V0013;work;pending
P07-D0461;070461;Петров Иван Сергеевич;P07;medium|big;P07-V0168;work;pending
P07-D0462;070462;Никитин Евгений Дмитриевич;P07;medium|big|extra_big;;day_off;
P07-D0463;070463;Михайлов Николай Андреевич;P07;medium|big;P07-V0187;day_off;
P07-D0464;070464;Григорьев Андрей Андреевич;P07;medium|big;P07-V0176;work;pending
P07-D0465;070465;Борисов Константин Сергеевич;P07;medium|big|extra_big;;work;pending
P07-D0466;070466;Егоров Денис Алексеевич;P07;medium|big;;work;pending
P07-D0467;070467;Медведев Виктор Викторович;P07;medium|big;P07-V0244;day_off;
P07-D0468;070468;Михайлов Павел Сергеевич;P07;medium|big;;work;pending
P07-D0469;070469;Григорьев Виктор Владимирович;P07;medium|big;P07-V0150;work;pending
P07-D0470;070470;Лебедев Алексей Викторович;P07;medium|big|extra_big;;work;pending
P07-D0471;070471;Максимов Николай Алексеевич;P07;medium|big;;day_off;
P07-D0472;070472;Киселёв Виктор Александрович;P07;medium|big;P07-V0242;work;pending
P07-D0473;070473;Козлов Алексей Михайлович;P07;medium|big;P07-V0048;work;pending
P07-D0474;070474;Лебедев Олег Михайлович;P07;medium|big;P07-V0079;day_off;
P07-D0475;070475;Королёва Анна Александровна;P07;medium|big|extra_big;P07-V0292;work;pending
P07-D0476;070476;Новиков Николай Владимирович;P07;medium|big;P07-V0230;work;pending
P07-D0477;070477;Козлов Евгений Алексеевич;P07;medium|big;;work;pending
P07-D0478;070478;Михайлов Олег Михайлович;P07;medium|big|extra_big;;day_off;
P07-D0479;070479;Алексеев Юрий Иванович;P07;medium|big;P07-V0018;work;pending
P07-D0480;070480;Лебедев Денис Николаевич;P07;medium|big|extra_big;P07-V0390;work;pending
P07-D0481;070481;Александров Александр Сергеевич;P07;medium|big|extra_big;P07-V0345;day_off;
P07-D0482;070482;Захаров Иван Андреевич;P07;medium|big;P07-V0221;work;pending
P07-D0483;070483;Фролов Андрей Николаевич;P07;medium|big;;day_off;
P07-D0484;070484;Виноградов Николай Игоревич;P07;medium|big|extra_big;P07-V0338;work;pending
P07-D0485;070485;Воробьёв Олег Владимирович;P07;medium|big;P07-V0008;work;pending
P07-D0486;070486;Павлов Александр Игоревич;P07;medium|big|extra_big;;work;pending
P07-D0487;070487;Фролов Игорь Иванович;P07;medium|big;P07-V0257;work;pending
P07-D0488;070488;Смирнов Виктор Николаевич;P07;medium|big|extra_big;P07-V0268;day_off;
P07-D0489;070489;Фёдоров Дмитрий Андреевич;P07;medium|big;P07-V0016;work;pending
P07-D0490;070490;Соловьёв Виктор Сергеевич;P07;medium|big;P07-V0183;work;pending
P07-D0491;070491;Попова Галина Владимировна;P07;medium|big;P07-V0104;work;pending
P07-D0492;070492;Петров Виктор Дмитриевич;P07;medium|big;P07-V0003;work;pending
P07-D0493;070493;Ильин Олег Юрьевич;P07;medium|big;P07-V0069;work;pending
P07-D0494;070494;Макаров Игорь Павлович;P07;medium|big|extra_big;;work;pending
P07-D0495;070495;Егоров Владимир Николаевич;P07;medium|big|extra_big;;day_off;
P07-D0496;070496;Виноградов Сергей Николаевич;P07;medium|big|extra_big;P07-V0367;work;pending
P07-D0497;070497;Егоров Константин Дмитриевич;P07;medium|big;P07-V0146;day_off;
P07-D0498;070498;Андреев Николай Андреевич;P07;medium|big;;day_off;
P07-D0499;070499;Соловьёв Олег Александрович;P07;medium|big;;day_off;
P07-D0500;070500;Александров Павел Иванович;P07;medium|big;P07-V0080;day_off;
P07-D0501;070501;Сорокин Владимир Павлович;P07;medium|big|extra_big;;work;pending
P07-D0502;070502;Макаров Владимир Иванович;P07;medium|big|extra_big;P07-V0409;work;pending
P07-D0503;070503;Григорьев Павел Андреевич;P07;medium|big;P07-V0060;day_off;
P07-D0504;070504;Петров Юрий Владимирович;P07;medium|big|extra_big;P07-V0401;work;pending
P07-D0505;070505;Захаров Роман Иванович;P07;medium|big|extra_big;;day_off;
P07-D0506;070506;Григорьев Александр Юрьевич;P07;medium|big|extra_big;P07-V0309;work;pending
P07-D0507;070507;Фролов Владимир Михайлович;P07;medium|big|extra_big;P07-V0367;day_off;
P07-D0508;070508;Макаров Олег Павлович;P07;medium|big;;day_off;
P07-D0509;070509;Яковлев Алексей Игоревич;P07;medium|big;P07-V0196;work;pending
P07-D0510;070510;Белов Дмитрий Иванович;P07;medium|big|extra_big;;work;pending
P07-D0511;070511;Семёнов Константин Алексеевич;P07;medium|big;P07-V0014;work;pending
P07-D0512;070512;Волков Сергей Владимирович;P07;medium|big;;work;pending
P07-D0513;070513;Ковалёв Артём Юрьевич;P07;medium|big;P07-V0015;day_off;
P07-D0514;070514;Макаров Артём Михайлович;P07;medium|big|extra_big;;work;pending
P07-D0515;070515;Королёв Игорь Николаевич;P07;medium|big|extra_big;P07-V0336;work;pending
P07-D0516;070516;Григорьева Юлия Сергеевна;P07;medium|big|extra_big;P07-V0365;work;pending
P07-D0517;070517;Козлов Николай Павлович;P07;medium|big;P07-V0008;day_off;
P07-D0518;070518;Борисов Николай Игоревич;P07;medium|big;P07-V0029;work;pending
P07-D0519;070519;Егорова Марина Алексеевна;P07;medium|big|extra_big;;work;pending
P07-D0520;070520;Виноградов Евгений Игоревич;P07;medium|big;P07-V0033;day_off;
P07-D0521;070521;Киселёв Андрей Владимирович;P07;medium|big;P07-V0096;work;pending
P07-D0522;070522;Соловьёв Максим Дмитриевич;P07;medium|big|extra_big;;work;pending
P07-D0523;070523;Михайлов Константин Игоревич;P07;medium|big;P07-V0003;work;pending
P07-D0524;070524;Александрова Светлана Сергеевна;P07;medium|big;P07-V0084;work;pending
P07-D0525;070525;Егоров Николай Петрович;P07;medium|big|extra_big;P07-V0358;work;pending
P07-D0526;070526;Кузнецов Максим Владимирович;P07;medium|big;P07-V0017;work;pending
P07-D0527;070527;Васильев Алексей Иванович;P07;medium|big|extra_big;;work;pending
P07-D0528;070528;Воробьёв Юрий Андреевич;P07;medium|big|extra_big;P07-V0317;work;pending
P07-D0529;070529;Романова Ирина Алексеевна;P07;medium|big|extra_big;P07-V0350;work;pending
P07-D0530;070530;Александров Андрей Юрьевич;P07;medium|big;P07-V0205;work;pending
P07-D0531;070531;Максимов Иван Игоревич;P07;medium|big|extra_big;;work;pending
P07-D0532;070532;Никитин Артём Александрович;P07;medium|big|extra_big;P07-V0386;work;pending
P07-D0533;070533;Сорокин Александр Игоревич;P07;medium|big|extra_big;P07-V0300;work;pending
P07-D0534;070534;Захаров Виктор Александрович;P07;medium|big|extra_big;;work;pending
P07-D0535;070535;Дмитриев Иван Иванович;P07;medium|big;P07-V0021;day_off;
P07-D0536;070536;Яковлев Юрий Алексеевич;P07;medium|big|extra_big;;day_off;
P07-D0537;070537;Романов Игорь Сергеевич;P07;medium|big;P07-V0097;work;pending
P07-D0538;070538;Иванов Дмитрий Юрьевич;P07;medium|big;P07-V0172;day_off;
P07-D0539;070539;Николаев Константин Павлович;P07;medium|big;P07-V0020;work;pending
P07-D0540;070540;Королёва Марина Николаевна;P07;medium|big;;work;pending
P07-D0541;070541;Васильев Владимир Юрьевич;P07;medium|big|extra_big;;work;pending
P07-D0542;070542;Васильев Денис Николаевич;P07;medium|big;P07-V0187;work;pending
P07-D0543;070543;Яковлев Денис Игоревич;P07;medium|big|extra_big;P07-V0338;work;pending
P07-D0544;070544;Кузнецов Иван Андреевич;P07;medium|big|extra_big;;day_off;
P07-D0545;070545;Никитин Николай Андреевич;P07;medium|big;P07-V0137;work;pending
P07-D0546;070546;Козлов Максим Игоревич;P07;medium|big|extra_big;P07-V0271;work;pending
P07-D0547;070547;Максимов Алексей Юрьевич;P07;medium|big;P07-V0099;work;pending
P07-D0548;070548;Фёдоров Игорь Михайлович;P07;medium|big;P07-V0076;work;pending
P07-D0549;070549;Киселёв Павел Владимирович;P07;medium|big|extra_big;P07-V0368;work;pending
P07-D0550;070550;Белов Иван Николаевич;P07;medium|big|extra_big;P07-V0366;work;pending
P07-D0551;070551;Королёва Юлия Сергеевна;P07;medium|big;P07-V0062;work;pending
P07-D0552;070552;Семёнов Павел Дмитриевич;P07;medium|big;;work;pending
P07-D0553;070553;Борисов Дмитрий Игоревич;P07;medium|big|extra_big;P07-V0259;work;pending
P07-D0554;070554;Петров Олег Александрович;P07;medium|big;P07-V0200;work;pending
P07-D0555;070555;Егоров Денис Павлович;P07;medium|big;P07-V0163;work;pending
P07-D0556;070556;Морозова Наталья Игоревна;P07;medium|big;P07-V0021;work;pending
P07-D0557;070557;Попов Константин Алексеевич;P07;medium|big;;work;pending
P07-D0558;070558;Белов Павел Юрьевич;P07;medium|big;P07-V0204;work;pending
P07-D0559;070559;Борисов Александр Михайлович;P07;medium|big;P07-V0031;work;pending
P07-D0560;070560;Ильин Алексей Викторович;P07;medium|big;P07-V0134;work;pending
P07-D0561;070561;Волкова Елена Николаевна;P07;medium|big;;work;pending
P07-D0562;070562;Павлов Николай Михайлович;P07;medium|big|extra_big;;work;pending
P07-D0563;070563;Соловьёв Владимир Юрьевич;P07;medium|big;P07-V0103;work;pending
P07-D0564;070564;Соловьёв Юрий Юрьевич;P07;medium|big;P07-V0201;day_off;
P07-D0565;070565;Королёва Галина Николаевна;P07;medium|big;P07-V0049;day_off;
P07-D0566;070566;Иванов Дмитрий Петрович;P07;medium|big;;work;pending
P07-D0567;070567;Попов Виктор Алексеевич;P07;medium|big;;work;pending
P07-D0568;070568;Ильин Константин Михайлович;P07;medium|big;;day_off;
P07-D0569;070569;Сорокин Денис Андреевич;P07;medium|big;;work;pending
P07-D0570;070570;Фёдоров Андрей Владимирович;P07;medium|big|extra_big;;work;pending
P07-D0571;070571;Яковлев Евгений Андреевич;P07;medium|big|extra_big;P07-V0355;day_off;
P07-D0572;070572;Козлов Константин Михайлович;P07;medium|big|extra_big;;work;pending
P07-D0573;070573;Белов Владимир Александрович;P07;medium|big;P07-V0071;work;pending
P07-D0574;070574;Поляков Игорь Дмитриевич;P07;medium|big;;work;pending
P07-D0575;070575;Егоров Юрий Иванович;P07;medium|big;P07-V0224;work;pending
P07-D0576;070576;Антонов Владимир Павлович;P07;medium|big;P07-V0180;work;pending
P07-D0577;070577;Никитин Максим Петрович;P07;medium|big;P07-V0122;work;pending
P07-D0578;070578;Соловьёв Денис Иванович;P07;medium|big;P07-V0248;work;pending
P07-D0579;070579;Виноградов Сергей Игоревич;P07;medium|big|extra_big;P07-V0339;day_off;
P07-D0580;070580;Семёнов Юрий Дмитриевич;P07;medium|big|extra_big;P07-V0275;day_off;
P07-D0581;070581;Михайлова Марина Игоревна;P07;medium|big|extra_big;P07-V0289;work;pending
P07-D0582;070582;Борисов Роман Игоревич;P07;medium|big;;day_off;
P07-D0583;070583;Соколов Виктор Иванович;P07;medium|big;P07-V0176;day_off;
P07-D0584;070584;Лебедев Юрий Игоревич;P07;medium|big|extra_big;P07-V0282;day_off;
P07-D0585;070585;Фролов Иван Петрович;P07;medium|big;P07-V0006;day_off;
P07-D0586;070586;Сергеев Павел Викторович;P07;medium|big;P07-V0050;day_off;
P07-D0587;070587;Максимов Евгений Сергеевич;P07;medium|big|extra_big;;work;pending
P07-D0588;070588;Сергеев Олег Иванович;P07;medium|big|extra_big;P07-V0262;work;pending
P07-D0589;070589;Волков Артём Петрович;P07;medium|big|extra_big;P07-V0271;work;pending
P07-D0590;070590;Егорова Татьяна Дмитриевна;P07;medium|big|extra_big;P07-V0394;work;pending
P07-D0591;070591;Петров Владимир Алексеевич;P07;medium|big;P07-V0149;work;pending
P07-D0592;070592;Воробьёв Сергей Юрьевич;P07;medium|big|extra_big;P07-V0299;work;pending
P07-D0593;070593;Зайцев Роман Михайлович;P07;medium|big|extra_big;P07-V0378;day_off;
P07-D0594;070594;Соловьёва Татьяна Дмитриевна;P07;medium|big;;work;pending
P07-D0595;070595;Фёдоров Артём Андреевич;P07;medium|big;P07-V0190;day_off;
P07-D0596;070596;Виноградов Константин Алексеевич;P07;medium|big;P07-V0057;day_off;
P07-D0597;070597;Яковлев Павел Николаевич;P07;medium|big|extra_big;;work;pending
P07-D0598;070598;Антонов Роман Михайлович;P07;medium|big|extra_big;P07-V0305;work;pending
P07-D0599;070599;Зайцев Константин Павлович;P07;medium|big|extra_big;;work;pending
P07-D0600;070600;Лебедев Дмитрий Иванович;P07;medium|big;P07-V0061;work;pending
P07-D0601;070601;Сорокин Павел Юрьевич;P07;medium|big;;work;pending
P07-D0602;070602;Фёдоров Роман Павлович;P07;medium|big|extra_big;P07-V0282;work;pending
P07-D0603;070603;Зайцев Юрий Алексеевич;P07;medium|big|extra_big;;work;pending
P07-D0604;070604;Орлов Андрей Петрович;P07;medium|big;P07-V0114;work;pending
P07-D0605;070605;Лебедев Иван Николаевич;P07;medium|big|extra_big;P07-V0312;day_off;
P07-D0606;070606;Сергеева Анна Игоревна;P07;medium|big|extra_big;P07-V0288;work;pending
P07-D0607;070607;Лебедев Виктор Сергеевич;P07;medium|big;P07-V0037;work;pending
P07-D0608;070608;Михайлов Константин Николаевич;P07;medium|big|extra_big;;work;pending
P07-D0609;070609;Медведев Владимир Петрович;P07;medium|big|extra_big;;day_off;
P07-D0610;070610;Григорьев Андрей Иванович;P07;medium|big|extra_big;P07-V0286;work;pending
P07-D0611;070611;Морозова Светлана Ивановна;P07;medium|big|extra_big;P07-V0407;work;pending
P07-D0612;070612;Попов Максим Викторович;P07;medium|big;P07-V0100;day_off;
P07-D0613;070613;Захаров Николай Дмитриевич;P07;medium|big;P07-V0209;work;pending
P07-D0614;070614;Киселёв Максим Александрович;P07;medium|big|extra_big;;work;pending
P07-D0615;070615;Козлов Максим Павлович;P07;medium|big;;day_off;
P07-D0616;070616;Сергеев Юрий Павлович;P07;medium|big;;work;pending
P07-D0617;070617;Попов Евгений Андреевич;P07;medium|big;;day_off;
P07-D0618;070618;Соловьёва Елена Павловна;P07;medium|big;;work;pending
P07-D0619;070619;Захаров Алексей Алексеевич;P07;medium|big|extra_big;P07-V0381;work;pending
P07-D0620;070620;Степанов Евгений Андреевич;P07;medium|big|extra_big;;day_off;
P07-D0621;070621;Сергеев Евгений Дмитриевич;P07;medium|big;P07-V0188;work;pending
P07-D0622;070622;Яковлев Николай Викторович;P07;medium|big;P07-V0019;work;pending
P07-D0623;070623;Ковалёв Виктор Александрович;P07;medium|big;P07-V0255;work;pending
P07-D0624;070624;Орлов Сергей Михайлович;P07;medium|big;P07-V0065;day_off;
P07-D0625;070625;Виноградова Анна Николаевна;P07;medium|big;P07-V0028;work;pending
P07-D0626;070626;Фёдоров Михаил Михайлович;P07;medium|big;P07-V0069;work;pending
P07-D0627;070627;Кузнецов Павел Павлович;P07;medium|big;P07-V0209;work;pending
P07-D0628;070628;Макаров Денис Михайлович;P07;medium|big|extra_big;;day_off;
P07-D0629;070629;Антонов Артём Игоревич;P07;medium|big|extra_big;P07-V0402;work;pending
P07-D0630;070630;Новиков Андрей Дмитриевич;P07;medium|big|extra_big;;work;pending
P07-D0631;070631;Егоров Артём Алексеевич;P07;medium|big|extra_big;P07-V0304;work;pending
P07-D0632;070632;Григорьев Роман Михайлович;P07;medium|big;P07-V0149;work;pending
P07-D0633;070633;Смирнов Алексей Владимирович;P07;medium|big;;day_off;
P07-D0634;070634;Смирнов Евгений Николаевич;P07;medium|big|extra_big;;work;pending
P07-D0635;070635;Дмитриев Константин Павлович;P07;medium|big;;day_off;
P07-D0636;070636;Виноградов Александр Николаевич;P07;medium|big|extra_big;;work;pending
P07-D0637;070637;Егоров Олег Юрьевич;P07;medium|big|extra_big;P07-V0312;work;pending
P07-D0638;070638;Никитин Сергей Владимирович;P07;medium|big|extra_big;P07-V0353;day_off;
P07-D0639;070639;Фролов Сергей Михайлович;P07;medium|big|extra_big;P07-V0347;work;pending
P07-D0640;070640;Никитин Иван Владимирович;P07;medium|big|extra_big;P07-V0289;work;pending
P07-D0641;070641;Полякова Елена Павловна;P07;medium|big;;work;pending
P07-D0642;070642;Иванов Роман Владимирович;P07;medium|big|extra_big;P07-V0290;work;pending
P07-D0643;070643;Борисов Дмитрий Дмитриевич;P07;medium|big;P07-V0145;work;pending
P07-D0644;070644;Егоров Александр Алексеевич;P07;medium|big;P07-V0212;work;pending
P07-D0645;070645;Соколов Евгений Дмитриевич;P07;medium|big|extra_big;P07-V0398;work;pending
P07-D0646;070646;Воробьёв Евгений Иванович;P07;medium|big;P07-V0030;work;pending
P07-D0647;070647;Михайлов Игорь Юрьевич;P07;medium|big;P07-V0058;work;pending
P07-D0648;070648;Орлов Константин Иванович;P07;medium|big;P07-V0129;work;pending
P07-D0649;070649;Александрова Татьяна Михайловна;P07;medium|big|extra_big;;work;pending
P07-D0650;070650;Павлов Денис Владимирович;P07;medium|big;P07-V0091;work;pending
P07-D0651;070651;Семёнова Анна Ивановна;P07;medium|big;P07-V0048;work;pending
P07-D0652;070652;Михайлов Игорь Сергеевич;P07;medium|big;;work;pending
P07-D0653;070653;Кузнецов Денис Андреевич;P07;medium|big|extra_big;P07-V0350;work;pending
P07-D0654;070654;Николаев Виктор Михайлович;P07;medium|big;P07-V0151;work;pending
P07-D0655;070655;Волков Роман Петрович;P07;medium|big;P07-V0105;work;pending
P07-D0656;070656;Орлов Максим Андреевич;P07;medium|big;P07-V0035;work;pending
P07-D0657;070657;Морозов Виктор Викторович;P07;medium|big|extra_big;P07-V0401;work;pending
P07-D0658;070658;Михайлов Андрей Алексеевич;P07;medium|big|extra_big;;day_off;
P07-D0659;070659;Ильин Михаил Владимирович;P07;medium|big|extra_big;P07-V0272;work;pending
P07-D0660;070660;Гусев Алексей Николаевич;P07;medium|big;P07-V0026;day_off;
P07-D0661;070661;Антонова Юлия Сергеевна;P07;medium|big|extra_big;P07-V0376;work;pending
P07-D0662;070662;Романов Алексей Викторович;P07;medium|big;P07-V0122;work;pending
P07-D0663;070663;Егоров Евгений Александрович;P07;medium|big;P07-V0130;day_off;
P07-D0664;070664;Соловьёв Константин Иванович;P07;medium|big;P07-V0224;day_off;
P07-D0665;070665;Григорьев Артём Алексеевич;P07;medium|big;P07-V0123;work;pending
P07-D0666;070666;Андреев Сергей Игоревич;P07;medium|big;P07-V0092;work;pending
P07-D0667;070667;Волков Павел Николаевич;P07;medium|big|extra_big;;work;pending
P07-D0668;070668;Сорокин Владимир Алексеевич;P07;medium|big;P07-V0123;work;pending
P07-D0669;070669;Васильев Евгений Викторович;P07;medium|big;P07-V0005;work;pending
P07-D0670;070670;Сергеева Анна Ивановна;P07;medium|big;P07-V0206;work;pending
P07-D0671;070671;Романов Михаил Павлович;P07;medium|big;;work;pending
P07-D0672;070672;Петров Артём Юрьевич;P07;medium|big;P07-V0237;work;pending
P07-D0673;070673;Алексеев Денис Александрович;P07;medium|big|extra_big;P07-V0347;work;pending
P07-D0674;070674;Андреева Галина Алексеевна;P07;medium|big|extra_big;P07-V0301;work;pending
P07-D0675;070675;Семёнов Алексей Викторович;P07;medium|big;P07-V0108;work;pending
P07-D0676;070676;Виноградов Иван Павлович;P07;medium|big;P07-V0100;work;pending
P07-D0677;070677;Орлов Николай Юрьевич;P07;medium|big;P07-V0107;work;pending
P07-D0678;070678;Киселёв Михаил Иванович;P07;medium|big;;work;pending
P07-D0679;070679;Иванов Александр Иванович;P07;medium|big|extra_big;P07-V0411;work;pending
P07-D0680;070680;Васильев Юрий Николаевич;P07;medium|big|extra_big;P07-V0332;work;pending
P07-D0681;070681;Алексеев Юрий Петрович;P07;medium|big|extra_big;;day_off;
P07-D0682;070682;Кузнецова Марина Дмитриевна;P07;medium|big|extra_big;P07-V0316;work;pending
P07-D0683;070683;Михайлов Иван Михайлович;P07;medium|big|extra_big;;work;pending
P07-D0684;070684;Новиков Дмитрий Петрович;P07;medium|big;P07-V0037;work;pending
P07-D0685;070685;Антонов Александр Михайлович;P07;medium|big|extra_big;;work;pending
P07-D0686;070686;Григорьев Артём Дмитриевич;P07;medium|big|extra_big;;work;pending
P07-D0687;070687;Петров Константин Николаевич;P07;medium|big;P07-V0179;day_off;
P07-D0688;070688;Захаров Евгений Александрович;P07;medium|big|extra_big;;work;pending
P07-D0689;070689;Семёнов Виктор Николаевич;P07;medium|big|extra_big;P07-V0336;work;pending
P07-D0690;070690;Никитин Юрий Александрович;P07;medium|big;;work;pending
P07-D0691;070691;Киселёв Михаил Николаевич;P07;medium|big;P07-V0143;work;pending
P07-D0692;070692;Ковалёв Алексей Андреевич;P07;medium|big;P07-V0212;work;pending
P07-D0693;070693;Воробьёв Александр Николаевич;P07;medium|big;P07-V0141;work;pending
P07-D0694;070694;Никитин Андрей Михайлович;P07;medium|big;P07-V0142;work;pending
P07-D0695;070695;Захаров Сергей Андреевич;P07;medium|big|extra_big;P07-V0334;day_off;
P07-D0696;070696;Фёдоров Игорь Александрович;P07;medium|big|extra_big;P07-V0386;work;pending
P07-D0697;070697;Андреева Наталья Александровна;P07;medium|big;P07-V0193;work;pending
P07-D0698;070698;Егоров Николай Михайлович;P07;medium|big|extra_big;;day_off;
P07-D0699;070699;Морозов Павел Владимирович;P07;medium|big;P07-V0042;day_off;
P07-D0700;070700;Новиков Михаил Алексеевич;P07;medium|big|extra_big;P07-V0404;work;pending
P07-D0701;070701;Григорьев Дмитрий Александрович;P07;medium|big|extra_big;;day_off;
P07-D0702;070702;Кузнецов Евгений Павлович;P07;medium|big;P07-V0084;work;pending
P07-D0703;070703;Сергеев Андрей Иванович;P07;medium|big|extra_big;;day_off;
P07-D0704;070704;Киселёв Артём Игоревич;P07;medium|big;P07-V0135;work;pending
P07-D0705;070705;Белов Максим Николаевич;P07;medium|big;P07-V0050;work;pending
P07-D0706;070706;Дмитриев Константин Владимирович;P07;medium|big;P07-V0223;day_off;
P07-D0707;070707;Ильин Дмитрий Сергеевич;P07;medium|big|extra_big;;work;pending
P07-D0708;070708;Николаев Владимир Дмитриевич;P07;medium|big|extra_big;;work;pending
P07-D0709;070709;Михайлов Виктор Дмитриевич;P07;medium|big;;work;pending
P07-D0710;070710;Зайцев Константин Юрьевич;P07;medium|big;;work;pending
P07-D0711;070711;Семёнов Максим Игоревич;P07;medium|big;P07-V0105;work;pending
P07-D0712;070712;Ковалёв Алексей Викторович;P07;medium|big|extra_big;P07-V0285;day_off;
P07-D0713;070713;Виноградов Дмитрий Павлович;P07;medium|big;P07-V0256;work;pending
P07-D0714;070714;Захаров Александр Владимирович;P07;medium|big|extra_big;P07-V0293;day_off;
P07-D0715;070715;Киселёв Максим Иванович;P07;medium|big|extra_big;;work;pending
P07-D0716;070716;Попов Евгений Дмитриевич;P07;medium|big;P07-V0118;work;pending
P07-D0717;070717;Волков Андрей Игоревич;P07;medium|big;P07-V0137;work;pending
P07-D0718;070718;Антонов Игорь Петрович;P07;medium|big|extra_big;P07-V0375;work;pending
P07-D0719;070719;Ковалёв Евгений Иванович;P07;medium|big|extra_big;P07-V0327;work;pending
P07-D0720;070720;Виноградов Сергей Андреевич;P07;medium|big;P07-V0208;work;pending
P07-D0721;070721;Орлов Денис Сергеевич;P07;medium|big;;day_off;
P07-D0722;070722;Ковалёв Александр Андреевич;P07;medium|big|extra_big;;work;pending
P07-D0723;070723;Ильина Ольга Игоревна;P07;medium|big;P07-V0007;work;pending
P07-D0724;070724;Александров Сергей Михайлович;P07;medium|big|extra_big;;work;pending
P07-D0725;070725;Виноградов Артём Петрович;P07;medium|big|extra_big;P07-V0383;day_off;
P07-D0726;070726;Васильев Александр Владимирович;P07;medium|big;P07-V0133;work;pending
P07-D0727;070727;Козлов Павел Михайлович;P07;medium|big|extra_big;P07-V0333;work;pending
P07-D0728;070728;Васильев Константин Андреевич;P07;medium|big;;day_off;
P07-D0729;070729;Иванов Константин Викторович;P07;medium|big;;work;pending
P07-D0730;070730;Сорокин Максим Дмитриевич;P07;medium|big;;day_off;
P07-D0731;070731;Михайлов Максим Михайлович;P07;medium|big;P07-V0165;work;pending
P07-D0732;070732;Киселёв Иван Сергеевич;P07;medium|big|extra_big;;work;pending
P07-D0733;070733;Александров Евгений Юрьевич;P07;medium|big;P07-V0086;day_off;
P07-D0734;070734;Соколова Галина Алексеевна;P07;medium|big|extra_big;P07-V0333;day_off;
P07-D0735;070735;Михайлов Роман Викторович;P07;medium|big|extra_big;P07-V0260;work;pending
P07-D0736;070736;Королёв Роман Павлович;P07;medium|big;P07-V0152;work;pending
P07-D0737;070737;Степанов Артём Иванович;P07;medium|big;;work;pending
P07-D0738;070738;Григорьев Константин Викторович;P07;medium|big;P07-V0016;work;pending
P07-D0739;070739;Козлова Ирина Петровна;P07;medium|big;P07-V0023;work;pending
P07-D0740;070740;Кузнецов Алексей Викторович;P07;medium|big;;work;pending
P07-D0741;070741;Воробьёв Олег Викторович;P07;medium|big|extra_big;P07-V0294;work;pending
P07-D0742;070742;Сорокин Константин Алексеевич;P07;medium|big;P07-V0144;day_off;
P07-D0743;070743;Степанов Виктор Николаевич;P07;medium|big;P07-V0177;work;pending
P07-D0744;070744;Александрова Наталья Викторовна;P07;medium|big;P07-V0004;work;pending
P07-D0745;070745;Павлов Владимир Александрович;P07;medium|big|extra_big;P07-V0382;day_off;
P07-D0746;070746;Андреев Виктор Сергеевич;P07;medium|big|extra_big;;day_off;
P07-D0747;070747;Соколов Максим Андреевич;P07;medium|big|extra_big;;work;pending
P07-D0748;070748;Орлов Андрей Владимирович;P07;medium|big|extra_big;;day_off;
P07-D0749;070749;Сергеев Сергей Викторович;P07;medium|big|extra_big;P07-V0276;day_off;
P07-D0750;070750;Борисов Константин Дмитриевич;P07;medium|big|extra_big;P07-V0389;work;pending
P07-D0751;070751;Виноградов Иван Иванович;P07;medium|big;P07-V0127;work;pending
P07-D0752;070752;Новиков Виктор Андреевич;P07;medium|big|extra_big;P07-V0374;work;pending
P07-D0753;070753;Попов Сергей Александрович;P07;medium|big|extra_big;P07-V0408;work;pending
P07-D0754;070754;Яковлев Роман Александрович;P07;medium|big|extra_big;P07-V0330;work;pending
P07-D0755;070755;Орлов Николай Иванович;P07;medium|big;P07-V0214;work;pending
P07-D0756;070756;Медведев Николай Владимирович;P07;medium|big;P07-V0102;work;pending
P07-D0757;070757;Сорокин Олег Дмитриевич;P07;medium|big|extra_big;P07-V0374;work;pending
P07-D0758;070758;Белов Михаил Владимирович;P07;medium|big|extra_big;;work;pending
P07-D0759;070759;Николаева Галина Юрьевна;P07;medium|big|extra_big;P07-V0355;day_off;
P07-D0760;070760;Киселёва Галина Игоревна;P07;medium|big|extra_big;P07-V0320;work;pending
P07-D0761;070761;Романов Владимир Викторович;P07;medium|big;;work;pending
P07-D0762;070762;Соколов Денис Владимирович;P07;medium|big;;work;pending
P07-D0763;070763;Александров Олег Андреевич;P07;medium|big;P07-V0055;work;pending
P07-D0764;070764;Фролов Константин Павлович;P07;medium|big|extra_big;;day_off;
P07-D0765;070765;Семёнова Анна Игоревна;P07;medium|big;P07-V0193;day_off;
P07-D0766;070766;Семёнов Андрей Сергеевич;P07;medium|big;;work;pending
P07-D0767;070767;Романов Евгений Алексеевич;P07;medium|big;P07-V0127;work;pending
P07-D0768;070768;Смирнов Виктор Михайлович;P07;medium|big;P07-V0154;day_off;
P07-D0769;070769;Егоров Константин Николаевич;P07;medium|big;P07-V0043;work;pending
P07-D0770;070770;Яковлев Игорь Сергеевич;P07;medium|big|extra_big;P07-V0302;day_off;
P07-D0771;070771;Соловьёв Артём Павлович;P07;medium|big|extra_big;P07-V0295;work;pending
P07-D0772;070772;Королёва Ольга Игоревна;P07;medium|big;P07-V0255;work;pending
P07-D0773;070773;Захаров Виктор Сергеевич;P07;medium|big;;work;pending
P07-D0774;070774;Кузнецов Андрей Сергеевич;P07;medium|big;P07-V0207;work;pending
P07-D0775;070775;Зайцев Максим Юрьевич;P07;medium|big;;work;pending
P07-D0776;070776;Антонов Михаил Юрьевич;P07;medium|big|extra_big;P07-V0279;work;pending
P07-D0777;070777;Зайцев Виктор Александрович;P07;medium|big|extra_big;;work;pending
P07-D0778;070778;Захарова Татьяна Владимировна;P07;medium|big|extra_big;;work;pending
P07-D0779;070779;Александрова Марина Андреевна;P07;medium|big;P07-V0201;work;pending
P07-D0780;070780;Лебедев Роман Сергеевич;P07;medium|big;P07-V0068;work;pending
P07-D0781;070781;Алексеев Юрий Николаевич;P07;medium|big|extra_big;P07-V0265;work;pending
P07-D0782;070782;Смирнов Сергей Иванович;P07;medium|big;P07-V0012;day_off;
P07-D0783;070783;Воробьёв Иван Павлович;P07;medium|big|extra_big;P07-V0263;work;pending
P07-D0784;070784;Волков Виктор Павлович;P07;medium|big;P07-V0181;work;pending
P07-D0785;070785;Степанов Юрий Сергеевич;P07;medium|big|extra_big;P07-V0339;work;pending
P07-D0786;070786;Белов Михаил Андреевич;P07;medium|big;P07-V0168;work;pending
P07-D0787;070787;Николаев Константин Александрович;P07;medium|big;;work;pending
P07-D0788;070788;Степанов Олег Александрович;P07;medium|big|extra_big;;work;pending
P07-D0789;070789;Степанов Михаил Александрович;P07;medium|big;P07-V0082;work;pending
P07-D0790;070790;Антонов Иван Юрьевич;P07;medium|big|extra_big;P07-V0329;work;pending
P07-D0791;070791;Захаров Игорь Павлович;P07;medium|big;;day_off;
P07-D0792;070792;Яковлева Елена Ивановна;P07;medium|big|extra_big;P07-V0364;work;pending
P07-D0793;070793;Степанов Павел Иванович;P07;medium|big;;day_off;
P07-D0794;070794;Алексеев Алексей Михайлович;P07;medium|big|extra_big;;work;pending
P07-D0795;070795;Петрова Наталья Петровна;P07;medium|big;P07-V0011;work;pending
P07-D0796;070796;Николаев Константин Михайлович;P07;medium|big|extra_big;P07-V0343;work;pending
P07-D0797;070797;Киселёва Галина Владимировна;P07;medium|big|extra_big;P07-V0297;work;pending
P07-D0798;070798;Александров Денис Николаевич;P07;medium|big|extra_big;P07-V0413;work;pending
P07-D0799;070799;Фёдоров Дмитрий Игоревич;P07;medium|big;P07-V0036;work;pending
P07-D0800;070800;Соловьёв Артём Игоревич;P07;medium|big;;work;pending
P07-D0801;070801;Иванов Константин Викторович;P07;medium|big;;work;pending
P07-D0802;070802;Дмитриев Виктор Михайлович;P07;medium|big|extra_big;;work;pending
P07-D0803;070803;Дмитриев Николай Петрович;P07;medium|big|extra_big;P07-V0416;work;pending
P07-D0804;070804;Новиков Дмитрий Николаевич;P07;medium|big|extra_big;;work;pending
P07-D0805;070805;Королёв Евгений Сергеевич;P07;medium|big;;work;pending
P07-D0806;070806;Волков Денис Михайлович;P07;medium|big|extra_big;;day_off;
P07-D0807;070807;Морозов Владимир Викторович;P07;medium|big;P07-V0129;work;pending
P07-D0808;070808;Павлов Денис Сергеевич;P07;medium|big|extra_big;P07-V0269;work;pending
P07-D0809;070809;Орлов Иван Дмитриевич;P07;medium|big;;work;pending
P07-D0810;070810;Дмитриев Михаил Дмитриевич;P07;medium|big;P07-V0064;day_off;
P07-D0811;070811;Максимов Роман Петрович;P07;medium|big|extra_big;P07-V0413;day_off;
P07-D0812;070812;Макаров Иван Андреевич;P07;medium|big;P07-V0198;day_off;
P07-D0813;070813;Егоров Юрий Алексеевич;P07;medium|big|extra_big;P07-V0360;work;pending
P07-D0814;070814;Яковлев Сергей Владимирович;P07;medium|big|extra_big;;work;pending
P07-D0815;070815;Волков Максим Игоревич;P07;medium|big;P07-V0080;work;pending
P07-D0816;070816;Поляков Игорь Павлович;P07;medium|big|extra_big;;day_off;
P07-D0817;070817;Морозов Денис Михайлович;P07;medium|big;P07-V0079;work;pending
P07-D0818;070818;Антонов Андрей Павлович;P07;medium|big|extra_big;P07-V0412;work;pending
P07-D0819;070819;Борисов Павел Петрович;P07;medium|big;;day_off;
P07-D0820;070820;Соколов Андрей Михайлович;P07;medium|big;;day_off;
P07-D0821;070821;Никитин Евгений Юрьевич;P07;medium|big|extra_big;P07-V0366;work;pending
P07-D0822;070822;Кузнецов Денис Викторович;P07;medium|big;P07-V0239;day_off;
P07-D0823;070823;Иванов Александр Николаевич;P07;medium|big;P07-V0207;work;pending
P07-D0824;070824;Иванов Дмитрий Викторович;P07;medium|big|extra_big;P07-V0376;work;pending
P07-D0825;070825;Лебедева Наталья Михайловна;P07;medium|big|extra_big;;work;pending
P07-D0826;070826;Зайцев Иван Андреевич;P07;medium|big|extra_big;P07-V0400;work;pending
P07-D0827;070827;Соколов Максим Игоревич;P07;medium|big|extra_big;P07-V0392;work;pending
P07-D0828;070828;Волков Дмитрий Михайлович;P07;medium|big|extra_big;P07-V0328;day_off;
P07-D0829;070829;Полякова Марина Андреевна;P07;medium|big;;work;pending
P07-D0830;070830;Морозов Евгений Андреевич;P07;medium|big;P07-V0182;work;pending
P07-D0831;070831;Соколов Николай Александрович;P07;medium|big|extra_big;P07-V0311;work;pending
P07-D0832;070832;Иванов Александр Викторович;P07;medium|big;;work;pending
P07-D0833;070833;Максимов Иван Владимирович;P07;medium|big|extra_big;P07-V0316;day_off;
P07-D0834;070834;Захаров Олег Алексеевич;P07;medium|big|extra_big;P07-V0377;work;pending
P07-D0835;070835;Никитин Иван Викторович;P07;medium|big|extra_big;P07-V0277;work;pending
P07-D0836;070836;Ильин Юрий Дмитриевич;P07;medium|big;P07-V0110;day_off;
P07-D0837;070837;Яковлев Александр Павлович;P07;medium|big;P07-V0154;work;pending
P07-D0838;070838;Сергеев Андрей Алексеевич;P07;medium|big|extra_big;;day_off;
P07-D0839;070839;Васильев Алексей Дмитриевич;P07;medium|big|extra_big;;work;pending
P07-D0840;070840;Егоров Артём Иванович;P07;medium|big|extra_big;P07-V0317;work;pending
P07-D0841;070841;Никитин Константин Игоревич;P07;medium|big;P07-V0249;day_off;
P07-D0842;070842;Сергеев Дмитрий Дмитриевич;P07;medium|big;P07-V0249;day_off;
P07-D0843;070843;Волков Максим Николаевич;P07;medium|big;P07-V0023;work;pending
P07-D0844;070844;Сергеев Павел Дмитриевич;P07;medium|big|extra_big;P07-V0330;work;pending
P07-D0845;070845;Морозов Михаил Петрович;P07;medium|big;;day_off;
P07-D0846;070846;Борисов Игорь Петрович;P07;medium|big|extra_big;P07-V0411;work;pending
P07-D0847;070847;Макаров Иван Иванович;P07;medium|big;P07-V0162;work;pending
P07-D0848;070848;Александров Владимир Дмитриевич;P07;medium|big;P07-V0032;work;pending
P07-D0849;070849;Соколова Ирина Игоревна;P07;medium|big|extra_big;P07-V0414;day_off;
P07-D0850;070850;Дмитриев Юрий Андреевич;P07;medium|big;P07-V0155;work;pending
P07-D0851;070851;Орлов Александр Игоревич;P07;medium|big;P07-V0056;work;pending
P07-D0852;070852;Поляков Олег Игоревич;P07;medium|big;P07-V0011;work;pending
P07-D0853;070853;Романов Дмитрий Александрович;P07;medium|big|extra_big;P07-V0286;work;pending
P07-D0854;070854;Яковлев Виктор Павлович;P07;medium|big|extra_big;P07-V0385;work;pending
P07-D0855;070855;Воробьёв Роман Игоревич;P07;medium|big;;day_off;
P07-D0856;070856;Соколов Михаил Юрьевич;P07;medium|big;P07-V0027;work;pending
P07-D0857;070857;Максимов Игорь Алексеевич;P07;medium|big;P07-V0001;day_off;
P07-D0858;070858;Иванов Виктор Сергеевич;P07;medium|big;;work;pending
P07-D0859;070859;Смирнов Олег Иванович;P07;medium|big;P07-V0022;work;pending
P07-D0860;070860;Козлов Максим Юрьевич;P07;medium|big;P07-V0067;work;pending
P07-D0861;070861;Дмитриев Виктор Андреевич;P07;medium|big;;work;pending
P07-D0862;070862;Сергеев Сергей Николаевич;P07;medium|big;;day_off;
P07-D0863;070863;Степанов Николай Михайлович;P07;medium|big|extra_big;P07-V0280;work;pending
P07-D0864;070864;Григорьев Сергей Игоревич;P07;medium|big;P07-V0152;work;pending
P07-D0865;070865;Дмитриев Евгений Дмитриевич;P07;medium|big;P07-V0227;day_off;
P07-D0866;070866;Борисов Михаил Павлович;P07;medium|big;P07-V0243;day_off;
P07-D0867;070867;Козлов Артём Викторович;P07;medium|big;P07-V0095;day_off;
P07-D0868;070868;Гусев Павел Михайлович;P07;medium|big|extra_big;;work;pending
P07-D0869;070869;Борисов Максим Игоревич;P07;medium|big;;work;pending
P07-D0870;070870;Семёнов Иван Сергеевич;P07;medium|big|extra_big;;work;pending
P07-D0871;070871;Яковлев Сергей Викторович;P07;medium|big;;work;pending
P07-D0872;070872;Соколов Виктор Сергеевич;P07;medium|big;P07-V0068;work;pending
P07-D0873;070873;Козлов Максим Дмитриевич;P07;medium|big;P07-V0206;work;pending
P07-D0874;070874;Королёв Павел Юрьевич;P07;medium|big;P07-V0215;work;pending
P07-D0875;070875;Киселёв Дмитрий Николаевич;P07;medium|big|extra_big;P07-V0381;day_off;
P07-D0876;070876;Гусев Виктор Александрович;P07;medium|big;P07-V0106;work;pending
P07-D0877;070877;Павлов Андрей Викторович;P07;medium|big;P07-V0098;work;pending
P07-D0878;070878;Морозов Сергей Николаевич;P07;medium|big|extra_big;;work;pending
P07-D0879;070879;Лебедев Михаил Петрович;P07;medium|big|extra_big;P07-V0290;day_off;
P07-D0880;070880;Волков Дмитрий Петрович;P07;medium|big;;work;pending
P07-D0881;070881;Семёнов Александр Петрович;P07;medium|big|extra_big;P07-V0344;work;pending
P07-D0882;070882;Соловьёв Константин Алексеевич;P07;medium|big|extra_big;P07-V0285;work;pending
P07-D0883;070883;Новиков Николай Викторович;P07;medium|big|extra_big;;work;pending
P07-D0884;070884;Михайлов Николай Михайлович;P07;medium|big;P07-V0231;work;pending
P07-D0885;070885;Николаев Сергей Викторович;P07;medium|big|extra_big;P07-V0309;work;pending
P07-D0886;070886;Белов Михаил Петрович;P07;medium|big;P07-V0120;work;pending
P07-D0887;070887;Андреев Николай Юрьевич;P07;medium|big|extra_big;P07-V0301;work;pending
P07-D0888;070888;Поляков Константин Николаевич;P07;medium|big|extra_big;;work;pending
P07-D0889;070889;Королёв Александр Павлович;P07;medium|big;P07-V0182;work;pending
P07-D0890;070890;Максимов Денис Павлович;P07;medium|big|extra_big;P07-V0311;work;pending
P07-D0891;070891;Николаев Виктор Николаевич;P07;medium|big|extra_big;P07-V0378;work;pending
P07-D0892;070892;Васильев Игорь Михайлович;P07;medium|big;P07-V0257;work;pending
P07-D0893;070893;Козлов Роман Викторович;P07;medium|big;P07-V0045;work;pending
P07-D0894;070894;Алексеев Роман Николаевич;P07;medium|big|extra_big;P07-V0306;work;pending
P07-D0895;070895;Белов Игорь Сергеевич;P07;medium|big;P07-V0258;work;pending
P07-D0896;070896;Николаев Евгений Петрович;P07;medium|big;P07-V0072;work;pending
P07-D0897;070897;Антонов Павел Иванович;P07;medium|big;P07-V0223;day_off;
P07-D0898;070898;Поляков Иван Павлович;P07;medium|big;P07-V0141;day_off;
P07-D0899;070899;Лебедев Дмитрий Игоревич;P07;medium|big;P07-V0041;day_off;
P07-D0900;070900;Борисов Артём Дмитриевич;P07;medium|big;P07-V0104;work;pending
P07-D0901;070901;Александров Владимир Юрьевич;P07;medium|big;;work;pending
P07-D0902;070902;Новиков Константин Юрьевич;P07;medium|big;P07-V0114;work;pending
P07-D0903;070903;Сорокин Сергей Сергеевич;P07;medium|big|extra_big;P07-V0415;work;pending
P07-D0904;070904;Антонов Игорь Иванович;P07;medium|big|extra_big;;work;pending
P07-D0905;070905;Максимов Сергей Павлович;P07;medium|big|extra_big;;day_off;
P07-D0906;070906;Киселёва Светлана Дмитриевна;P07;medium|big;P07-V0096;work;pending
P07-D0907;070907;Петров Николай Андреевич;P07;medium|big|extra_big;P07-V0303;work;pending
P07-D0908;070908;Алексеев Иван Иванович;P07;medium|big|extra_big;P07-V0349;work;pending
P07-D0909;070909;Кузнецов Иван Игоревич;P07;medium|big;P07-V0247;work;pending
P07-D0910;070910;Белов Александр Юрьевич;P07;medium|big;P07-V0196;work;pending
P07-D0911;070911;Виноградов Сергей Николаевич;P07;medium|big;P07-V0029;work;pending
P07-D0912;070912;Александров Владимир Дмитриевич;P07;medium|big;P07-V0148;work;pending
P07-D0913;070913;Сорокин Юрий Сергеевич;P07;medium|big;P07-V0189;work;pending
P07-D0914;070914;Волков Денис Александрович;P07;medium|big|extra_big;;day_off;
P07-D0915;070915;Ильин Александр Николаевич;P07;medium|big|extra_big;;work;pending
P07-D0916;070916;Григорьев Максим Михайлович;P07;medium|big|extra_big;;work;pending
P07-D0917;070917;Романов Михаил Михайлович;P07;medium|big|extra_big;P07-V0328;day_off;
P07-D0918;070918;Борисов Денис Александрович;P07;medium|big|extra_big;;work;pending
P07-D0919;070919;Андреев Александр Алексеевич;P07;medium|big|extra_big;P07-V0270;day_off;
P07-D0920;070920;Захаров Виктор Андреевич;P07;medium|big;P07-V0081;work;pending
P07-D0921;070921;Александров Михаил Викторович;P07;medium|big;P07-V0018;work;pending
P07-D0922;070922;Семёнова Галина Игоревна;P07;medium|big;P07-V0022;work;pending
P07-D0923;070923;Морозов Константин Николаевич;P07;medium|big|extra_big;;day_off;
P07-D0924;070924;Полякова Елена Павловна;P07;medium|big|extra_big;P07-V0331;work;pending
P07-D0925;070925;Королёв Денис Викторович;P07;medium|big|extra_big;P07-V0335;work;pending
P07-D0926;070926;Зайцев Владимир Александрович;P07;medium|big;P07-V0065;work;pending
P07-D0927;070927;Ковалёв Олег Петрович;P07;medium|big;;work;pending
P07-D0928;070928;Лебедев Олег Сергеевич;P07;medium|big|extra_big;P07-V0297;work;pending
P07-D0929;070929;Кузнецова Светлана Викторовна;P07;medium|big|extra_big;P07-V0387;day_off;
P07-D0930;070930;Макарова Марина Павловна;P07;medium|big|extra_big;P07-V0405;work;pending
P07-D0931;070931;Гусев Денис Алексеевич;P07;medium|big|extra_big;;day_off;
P07-D0932;070932;Морозов Денис Павлович;P07;medium|big|extra_big;P07-V0279;work;pending
P07-D0933;070933;Королёв Александр Андреевич;P07;medium|big;P07-V0197;day_off;
P07-D0934;070934;Королёв Владимир Александрович;P07;medium|big|extra_big;P07-V0295;work;pending
P07-D0935;070935;Яковлева Наталья Сергеевна;P07;medium|big|extra_big;P07-V0385;work;pending
P07-D0936;070936;Дмитриев Роман Алексеевич;P07;medium|big;;day_off;
P07-D0937;070937;Антонов Иван Петрович;P07;medium|big;P07-V0247;work;pending
P07-D0938;070938;Королёв Евгений Николаевич;P07;medium|big;;work;pending
P07-D0939;070939;Орлов Дмитрий Сергеевич;P07;medium|big;;day_off;
P07-D0940;070940;Дмитриев Артём Сергеевич;P07;medium|big;P07-V0132;work;pending
P07-D0941;070941;Захаров Сергей Михайлович;P07;medium|big|extra_big;P07-V0267;work;pending
P07-D0942;070942;Соколов Сергей Владимирович;P07;medium|big|extra_big;P07-V0294;work;pending
P07-D0943;070943;Гусев Алексей Михайлович;P07;medium|big|extra_big;;work;pending
P07-D0944;070944;Николаева Ирина Владимировна;P07;medium|big;P07-V0034;work;pending
P07-D0945;070945;Александров Константин Петрович;P07;medium|big|extra_big;P07-V0373;work;pending
P07-D0946;070946;Михайлова Марина Юрьевна;P07;medium|big;P07-V0081;day_off;
P07-D0947;070947;Борисов Юрий Игоревич;P07;medium|big|extra_big;;work;pending
P07-D0948;070948;Макаров Михаил Игоревич;P07;medium|big;P07-V0107;work;pending
P07-D0949;070949;Ковалёв Иван Викторович;P07;medium|big|extra_big;;work;pending
P07-D0950;070950;Сергеев Евгений Иванович;P07;medium|big;;day_off;
P07-D0951;070951;Григорьев Константин Владимирович;P07;medium|big|extra_big;;work;pending
P07-D0952;070952;Александров Игорь Дмитриевич;P07;medium|big;P07-V0051;work;pending
P07-D0953;070953;Антонов Роман Александрович;P07;medium|big;P07-V0161;work;pending
P07-D0954;070954;Сорокин Артём Андреевич;P07;medium|big|extra_big;P07-V0382;work;pending
P07-D0955;070955;Николаева Наталья Андреевна;P07;medium|big|extra_big;;work;pending
P07-D0956;070956;Фролов Михаил Сергеевич;P07;medium|big;;work;pending
P07-D0957;070957;Соловьёв Юрий Андреевич;P07;medium|big|extra_big;;day_off;
P07-D0958;070958;Павлов Алексей Михайлович;P07;medium|big;;day_off;
P07-D0959;070959;Дмитриев Олег Дмитриевич;P07;medium|big;P07-V0204;day_off;
P07-D0960;070960;Антонов Александр Иванович;P07;medium|big;P07-V0032;work;pending
P07-D0961;070961;Антонов Евгений Павлович;P07;medium|big;P07-V0027;work;pending
P07-D0962;070962;Попов Александр Сергеевич;P07;medium|big|extra_big;P07-V0360;work;pending
P07-D0963;070963;Борисова Елена Викторовна;P07;medium|big|extra_big;;day_off;
P07-D0964;070964;Волков Александр Юрьевич;P07;medium|big;P07-V0067;work;pending
P07-D0965;070965;Александров Юрий Владимирович;P07;medium|big|extra_big;;work;pending
P07-D0966;070966;Максимов Виктор Андреевич;P07;medium|big|extra_big;;work;pending
P07-D0967;070967;Семёнов Максим Иванович;P07;medium|big|extra_big;P07-V0357;work;pending
P07-D0968;070968;Белов Дмитрий Игоревич;P07;medium|big|extra_big;;day_off;
P07-D0969;070969;Сергеев Евгений Павлович;P07;medium|big|extra_big;P07-V0310;work;pending
P07-D0970;070970;Максимов Евгений Игоревич;P07;medium|big;P07-V0063;work;pending
P07-D0971;070971;Попов Дмитрий Сергеевич;P07;medium|big;P07-V0190;work;pending
P07-D0972;070972;Сорокин Сергей Игоревич;P07;medium|big;P07-V0161;day_off;
P07-D0973;070973;Попов Олег Игоревич;P07;medium|big|extra_big;P07-V0351;work;pending
P07-D0974;070974;Макаров Максим Дмитриевич;P07;medium|big;;work;pending
P07-D0975;070975;Павлов Владимир Иванович;P07;medium|big;;work;pending
P07-D0976;070976;Соловьёв Иван Николаевич;P07;medium|big|extra_big;P07-V0415;work;pending
P07-D0977;070977;Соловьёв Роман Владимирович;P07;medium|big;P07-V0052;work;pending
P07-D0978;070978;Сергеева Юлия Юрьевна;P07;medium|big;P07-V0251;work;pending
P07-D0979;070979;Зайцев Иван Николаевич;P07;medium|big;P07-V0238;work;pending
P07-D0980;070980;Новиков Роман Александрович;P07;medium|big;P07-V0148;day_off;
P07-D0981;070981;Макаров Дмитрий Михайлович;P07;medium|big|extra_big;;work;pending
P07-D0982;070982;Павлов Олег Петрович;P07;medium|big;;work;pending
P07-D0983;070983;Николаев Игорь Александрович;P07;medium|big;P07-V0019;day_off;
P07-D0984;070984;Борисов Олег Владимирович;P07;medium|big|extra_big;P07-V0342;work;pending
P07-D0985;070985;Белова Елена Павловна;P07;medium|big;;work;pending
P07-D0986;070986;Козлов Алексей Николаевич;P07;medium|big;P07-V0015;work;pending
P07-D0987;070987;Семёнов Павел Петрович;P07;medium|big;P07-V0012;work;pending
P07-D0988;070988;Ильин Владимир Николаевич;P07;medium|big;;work;pending
P07-D0989;070989;Александров Владимир Павлович;P07;medium|big|extra_big;P07-V0287;work;pending
P07-D0990;070990;Сорокин Николай Сергеевич;P07;medium|big|extra_big;;work;pending
P07-D0991;070991;Соколов Владимир Дмитриевич;P07;medium|big;P07-V0233;day_off;
P07-D0992;070992;Кузнецов Олег Николаевич;P07;medium|big;P07-V0171;work;pending
P07-D0993;070993;Фёдоров Роман Павлович;P07;medium|big|extra_big;P07-V0288;day_off;
P07-D0994;070994;Максимов Николай Петрович;P07;medium|big;;work;pending
P07-D0995;070995;Попов Дмитрий Викторович;P07;medium|big;;work;pending
P07-D0996;070996;Кузнецов Виктор Дмитриевич;P07;medium|big;P07-V0075;work;pending
P07-D0997;070997;Королёв Олег Викторович;P07;medium|big|extra_big;;work;pending
P07-D0998;070998;Зайцев Евгений Алексеевич;P07;medium|big|extra_big;;work;pending
P07-D0999;070999;Николаев Павел Алексеевич;P07;medium|big|extra_big;P07-V0349;work;pending
P07-D1000;071000;Семёнов Виктор Дмитриевич;P07;medium|big;P07-V0004;work;pending
P07-D1001;071001;Фёдоров Павел Михайлович;P07;medium|big;;day_off;
P07-D1002;071002;Киселёв Сергей Игоревич;P07;medium|big|extra_big;;work;pending
P07-D1003;071003;Фролова Марина Александровна;P07;medium|big;P07-V0033;day_off;
P07-D1004;071004;Андреев Артём Петрович;P07;medium|big;P07-V0166;work;pending
