id;park_id;type;route_id;vehicle_class;day_type;start;end;shift_count
P07-R01-WD01;P07;line;P07-R01;big;weekday;04:50;25:20;3
P07-R01-WD02;P07;line;P07-R01;big;weekday;06:10;14:55;1
P07-R01-WD03;P07;line;P07-R01;big;weekday;07:30;16:45;1
P07-R01-WD04;P07;line;P07-R01;big;weekday;05:40;22:20;2
P07-R01-WD05;P07;line;P07-R01;big;weekday;06:45;15:35;1
P07-R01-WD06;P07;line;P07-R01;big;weekday;07:35;16:25;1
P07-R01-WD07;P07;line;P07-R01;big;weekday;05:40;22:20;2
P07-R01-WD08;P07;line;P07-R01;big;weekday;06:35;23:20;2
P07-R01-WD09;P07;line;P07-R01;big;weekday;07:05;15:25;1
P07-R01-WD10;P07;line;P07-R01;big;weekday;06:40;22:55;2
P07-R01-WD11;P07;line;P07-R01;big;weekday;07:15;16:40;1
P07-R01-WD12;P07;line;P07-R01;big;weekday;05:00;21:30;2
P07-R01-WD13;P07;line;P07-R01;big;weekday;05:00;24:50;3
P07-R01-WD14;P07;line;P07-R01;big;weekday;04:55;25:25;3
P07-R01-WD15;P07;line;P07-R01;big;weekday;07:50;17:20;1
P07-R01-WD16;P07;line;P07-R01;big;weekday;07:50;16:45;1
P07-R01-WD17;P07;line;P07-R01;big;weekday;06:30;22:55;2
P07-R01-WD18;P07;line;P07-R01;big;weekday;05:40;20:50;2
P07-R01-WD19;P07;line;P07-R01;big;weekday;05:00;21:05;2
P07-R01-WD20;P07;line;P07-R01;big;weekday;05:05;24:25;3
P07-R01-WD21;P07;line;P07-R01;big;weekday;04:50;24:10;3
P07-R01-WD22;P07;line;P07-R01;big;weekday;05:25;25:05;3
P07-R01-WD23;P07;line;P07-R01;big;weekday;05:10;25:15;3
P07-R01-WD24;P07;line;P07-R01;big;weekday;06:20;22:45;2
P07-R02-WD01;P07;line;P07-R02;extra_big;weekday;05:25;21:05;2
P07-R02-WD02;P07;line;P07-R02;extra_big;weekday;08:25;17:50;1
P07-R02-WD03;P07;line;P07-R02;extra_big;weekday;05:20;21:55;2
P07-R02-WD04;P07;line;P07-R02;extra_big;weekday;05:35;25:25;3
P07-R02-WD05;P07;line;P07-R02;extra_big;weekday;05:10;25:35;3
P07-R02-WD06;P07;line;P07-R02;extra_big;weekday;06:35;23:10;2
P07-R02-WD07;P07;line;P07-R02;extra_big;weekday;06:25;22:00;2
P07-R02-WD08;P07;line;P07-R02;extra_big;weekday;05:25;24:45;3
P07-R02-WD09;P07;line;P07-R02;extra_big;weekday;07:05;16:30;1
P07-R02-WD10;P07;line;P07-R02;extra_big;weekday;05:30;24:45;3
P07-R02-WD11;P07;line;P07-R02;extra_big;weekday;05:00;24:30;3
P07-R02-WD12;P07;line;P07-R02;extra_big;weekday;05:15;25:05;3
P07-R02-WD13;P07;line;P07-R02;extra_big;weekday;05:25;24:35;3
P07-R02-WD14;P07;line;P07-R02;extra_big;weekday;05:15;24:35;3
P07-R02-WD15;P07;line;P07-R02;extra_big;weekday;05:30;24:40;3
P07-R02-WD16;P07;line;P07-R02;extra_big;weekday;06:30;15:25;1
P07-R02-WD17;P07;line;P07-R02;extra_big;weekday;06:10;22:20;2
P07-R02-WD18;P07;line;P07-R02;extra_big;weekday;08:45;17:05;1
P07-R02-WD19;P07;line;P07-R02;extra_big;weekday;04:55;24:35;3
P07-R02-WD20;P07;line;P07-R02;extra_big;weekday;05:25;25:55;3
P07-R02-WD21;P07;line;P07-R02;extra_big;weekday;06:35;22:20;2
P07-R02-WD22;P07;line;P07-R02;extra_big;weekday;06:35;16:00;1
P07-R02-WD23;P07;line;P07-R02;extra_big;weekday;05:30;24:55;3
P07-R02-WD24;P07;line;P07-R02;extra_big;weekday;06:15;23:00;2
P07-R02-WD25;P07;line;P07-R02;extra_big;weekday;05:05;25:25;3
P07-R02-WD26;P07;line;P07-R02;extra_big;weekday;05:50;21:30;2
P07-R02-WD27;P07;line;P07-R02;extra_big;weekday;04:50;24:35;3
P07-R03-WD01;P07;line;P07-R03;big;weekday;05:10;24:30;3
P07-R03-WD02;P07;line;P07-R03;big;weekday;05:50;22:05;2
P07-R03-WD03;P07;line;P07-R03;big;weekday;05:25;25:55;3
P07-R03-WD04;P07;line;P07-R03;big;weekday;05:30;24:50;3
P07-R03-WD05;P07;line;P07-R03;big;weekday;06:25;23:00;2
P07-R03-WD06;P07;line;P07-R03;big;weekday;06:05;22:35;2
P07-R04-WD01;P07;line;P07-R04;big;weekday;06:45;22:20;2
P07-R04-WD02;P07;line;P07-R04;big;weekday;06:30;22:10;2
P07-R04-WD03;P07;line;P07-R04;big;weekday;05:15;25:20;3
P07-R04-WD04;P07;line;P07-R04;big;weekday;06:20;21:25;2
P07-R04-WD05;P07;line;P07-R04;big;weekday;05:40;25:40;3
P07-R04-WD06;P07;line;P07-R04;big;weekday;08:15;17:25;1
P07-R04-WD07;P07;line;P07-R04;big;weekday;06:15;22:40;2
P07-R04-WD08;P07;line;P07-R04;big;weekday;05:30;14:45;1
P07-R04-WD09;P07;line;P07-R04;big;weekday;07:00;15:10;1
P07-R04-WD10;P07;line;P07-R04;big;weekday;05:35;25:10;3
P07-R04-WD11;P07;line;P07-R04;big;weekday;07:45;16:25;1
P07-R04-WD12;P07;line;P07-R04;big;weekday;06:15;23:00;2
P07-R04-WD13;P07;line;P07-R04;big;weekday;07:15;16:25;1
P07-R04-WD14;P07;line;P07-R04;big;weekday;07:45;17:15;1
P07-R04-WD15;P07;line;P07-R04;big;weekday;08:45;17:30;1
P07-R04-WD16;P07;line;P07-R04;big;weekday;05:15;20:20;2
P07-R04-WD17;P07;line;P07-R04;big;weekday;08:25;17:40;1
P07-R04-WD18;P07;line;P07-R04;big;weekday;06:35;23:00;2
P07-R04-WD19;P07;line;P07-R04;big;weekday;05:40;26:00;3
P07-R04-WD20;P07;line;P07-R04;big;weekday;05:20;25:45;3
P07-R04-WD21;P07;line;P07-R04;big;weekday;05:25;25:20;3
P07-R04-WD22;P07;line;P07-R04;big;weekday;05:05;21:45;2
P07-R04-WD23;P07;line;P07-R04;big;weekday;06:55;21:55;2
P07-R04-WD24;P07;line;P07-R04;big;weekday;08:50;16:55;1
P07-R05-WD01;P07;line;P07-R05;big;weekday;08:10;16:30;1
P07-R05-WD02;P07;line;P07-R05;big;weekday;05:15;24:30;3
P07-R05-WD03;P07;line;P07-R05;big;weekday;05:30;25:55;3
P07-R05-WD04;P07;line;P07-R05;big;weekday;07:30;16:45;1
P07-R05-WD05;P07;line;P07-R05;big;weekday;06:15;22:35;2
P07-R05-WD06;P07;line;P07-R05;big;weekday;05:15;24:30;3
P07-R05-WD07;P07;line;P07-R05;big;weekday;07:00;23:00;2
P07-R05-WD08;P07;line;P07-R05;big;weekday;04:55;25:15;3
P07-R05-WD09;P07;line;P07-R05;big;weekday;06:35;22:35;2
P07-R05-WD10;P07;line;P07-R05;big;weekday;05:50;22:10;2
P07-R05-WD11;P07;line;P07-R05;big;weekday;05:35;22:30;2
P07-R05-WD12;P07;line;P07-R05;big;weekday;06:55;22:15;2
P07-R05-WD13;P07;line;P07-R05;big;weekday;06:05;15:05;1
P07-R05-WD14;P07;line;P07-R05;big;weekday;05:40;25:35;3
P07-R05-WD15;P07;line;P07-R05;big;weekday;06:20;22:20;2
P07-R05-WD16;P07;line;P07-R05;big;weekday;05:50;22:25;2
P07-R05-WD17;P07;line;P07-R05;big;weekday;05:00;24:35;3
P07-R05-WD18;P07;line;P07-R05;big;weekday;04:55;24:45;3
P07-R06-WD01;P07;line;P07-R06;extra_big;weekday;07:10;15:40;1
P07-R06-WD02;P07;line;P07-R06;extra_big;weekday;07:00;24:00;2
P07-R06-WD03;P07;line;P07-R06;extra_big;weekday;05:20;25:45;3
P07-R06-WD04;P07;line;P07-R06;extra_big;weekday;06:30;14:55;1
P07-R06-WD05;P07;line;P07-R06;extra_big;weekday;08:00;16:30;1
P07-R06-WD06;P07;line;P07-R06;extra_big;weekday;05:50;14:25;1
P07-R06-WD07;P07;line;P07-R06;extra_big;weekday;08:55;17:05;1
P07-R06-WD08;P07;line;P07-R06;extra_big;weekday;09:00;18:30;1
P07-R06-WD09;P07;line;P07-R06;extra_big;weekday;06:20;21:40;2
P07-R06-WD10;P07;line;P07-R06;extra_big;weekday;06:45;15:05;1
P07-R06-WD11;P07;line;P07-R06;extra_big;weekday;05:20;21:55;2
P07-R06-WD12;P07;line;P07-R06;extra_big;weekday;08:45;18:10;1
P07-R06-WD13;P07;line;P07-R06;extra_big;weekday;05:15;20:30;2
P07-R06-WD14;P07;line;P07-R06;extra_big;weekday;05:05;24:40;3
P07-R06-WD15;P07;line;P07-R06;extra_big;weekday;05:35;24:40;3
P07-R06-WD16;P07;line;P07-R06;extra_big;weekday;05:55;22:05;2
P07-R06-WD17;P07;line;P07-R06;extra_big;weekday;05:25;22:25;2
P07-R06-WD18;P07;line;P07-R06;extra_big;weekday;05:00;25:05;3
P07-R06-WD19;P07;line;P07-R06;extra_big;weekday;05:30;24:30;3
P07-R06-WD20;P07;line;P07-R06;extra_big;weekday;06:25;21:45;2
P07-R06-WD21;P07;line;P07-R06;extra_big;weekday;06:00;22:45;2
P07-R06-WD22;P07;line;P07-R06;extra_big;weekday;07:20;16:25;1
P07-R06-WD23;P07;line;P07-R06;extra_big;weekday;05:00;20:40;2
P07-R06-WD24;P07;line;P07-R06;extra_big;weekday;05:40;22:00;2
P07-R06-WD25;P07;line;P07-R06;extra_big;weekday;06:05;22:35;2
P07-R06-WD26;P07;line;P07-R06;extra_big;weekday;06:25;21:35;2
P07-R06-WD27;P07;line;P07-R06;extra_big;weekday;05:05;21:10;2
P07-R06-WD28;P07;line;P07-R06;extra_big;weekday;05:40;25:40;3
P07-R06-WD29;P07;line;P07-R06;extra_big;weekday;08:05;16:20;1
P07-R06-WD30;P07;line;P07-R06;extra_big;weekday;06:30;14:30;1
P07-R06-WD31;P07;line;P07-R06;extra_big;weekday;07:55;16:45;1
P07-R06-WD32;P07;line;P07-R06;extra_big;weekday;05:35;14:25;1
P07-R06-WD33;P07;line;P07-R06;extra_big;weekday;08:05;17:20;1
P07-R07-WD01;P07;line;P07-R07;big;weekday;07:20;15:45;1
P07-R07-WD02;P07;line;P07-R07;big;weekday;05:10;25:15;3
P07-R07-WD03;P07;line;P07-R07;big;weekday;07:45;16:15;1
P07-R07-WD04;P07;line;P07-R07;big;weekday;04:55;24:10;3
P07-R07-WD05;P07;line;P07-R07;big;weekday;05:15;24:25;3
P07-R07-WD06;P07;line;P07-R07;big;weekday;05:10;20:40;2
P07-R07-WD07;P07;line;P07-R07;big;weekday;06:30;14:50;1
P07-R07-WD08;P07;line;P07-R07;big;weekday;05:35;25:35;3
P07-R07-WD09;P07;line;P07-R07;big;weekday;05:40;21:10;2
P07-R07-WD10;P07;line;P07-R07;big;weekday;05:00;24:55;3
P07-R07-WD11;P07;line;P07-R07;big;weekday;06:35;22:00;2
P07-R07-WD12;P07;line;P07-R07;big;weekday;07:10;15:15;1
P07-R07-WD13;P07;line;P07-R07;big;weekday;05:25;25:50;3
P07-R07-WD14;P07;line;P07-R07;big;weekday;06:40;22:40;2
P07-R07-WD15;P07;line;P07-R07;big;weekday;05:15;21:15;2
P07-R07-WD16;P07;line;P07-R07;big;weekday;08:15;17:40;1
P07-R07-WD17;P07;line;P07-R07;big;weekday;06:55;21:55;2
P07-R07-WD18;P07;line;P07-R07;big;weekday;06:40;22:40;2
P07-R08-WD01;P07;line;P07-R08;big;weekday;05:30;20:30;2
P07-R08-WD02;P07;line;P07-R08;big;weekday;08:20;17:50;1
P07-R08-WD03;P07;line;P07-R08;big;weekday;05:00;21:20;2
P07-R08-WD04;P07;line;P07-R08;big;weekday;06:30;21:55;2
P07-R08-WD05;P07;line;P07-R08;big;weekday;08:05;16:55;1
P07-R08-WD06;P07;line;P07-R08;big;weekday;05:15;25:25;3
P07-R08-WD07;P07;line;P07-R08;big;weekday;05:25;20:45;2
P07-R08-WD08;P07;line;P07-R08;big;weekday;05:10;24:25;3
P07-R08-WD09;P07;line;P07-R08;big;weekday;05:15;25:25;3
P07-R08-WD10;P07;line;P07-R08;big;weekday;08:10;16:20;1
P07-R08-WD11;P07;line;P07-R08;big;weekday;04:55;25:25;3
P07-R08-WD12;P07;line;P07-R08;big;weekday;09:00;18:10;1
P07-R08-WD13;P07;line;P07-R08;big;weekday;05:15;25:05;3
P07-R08-WD14;P07;line;P07-R08;big;weekday;07:35;15:40;1
P07-R08-WD15;P07;line;P07-R08;big;weekday;04:55;25:10;3
P07-R08-WD16;P07;line;P07-R08;big;weekday;06:55;23:35;2
P07-R08-WD17;P07;line;P07-R08;big;weekday;08:50;17:55;1
P07-R08-WD18;P07;line;P07-R08;big;weekday;05:35;21:15;2
P07-R08-WD19;P07;line;P07-R08;big;weekday;06:40;14:55;1
P07-R08-WD20;P07;line;P07-R08;big;weekday;05:15;21:50;2
P07-R08-WD21;P07;line;P07-R08;big;weekday;05:25;24:35;3
P07-R08-WD22;P07;line;P07-R08;big;weekday;08:20;16:55;1
P07-R08-WD23;P07;line;P07-R08;big;weekday;06:45;16:00;1
P07-R09-WD01;P07;line;P07-R09;big;weekday;04:50;24:30;3
P07-R09-WD02;P07;line;P07-R09;big;weekday;05:25;25:05;3
P07-R09-WD03;P07;line;P07-R09;big;weekday;04:55;24:35;3
P07-R09-WD04;P07;line;P07-R09;big;weekday;06:35;21:45;2
P07-R09-WD05;P07;line;P07-R09;big;weekday;05:35;13:35;1
P07-R09-WD06;P07;line;P07-R09;big;weekday;05:05;21:50;2
P07-R09-WD07;P07;line;P07-R09;big;weekday;05:10;20:10;2
P07-R10-WD01;P07;line;P07-R10;big;weekday;07:15;16:45;1
P07-R10-WD02;P07;line;P07-R10;big;weekday;05:45;22:20;2
P07-R10-WD03;P07;line;P07-R10;big;weekday;07:10;16:30;1
P07-R10-WD04;P07;line;P07-R10;big;weekday;05:40;21:55;2
P07-R10-WD05;P07;line;P07-R10;big;weekday;05:00;25:10;3
P07-R10-WD06;P07;line;P07-R10;big;weekday;05:20;24:45;3
P07-R10-WD07;P07;line;P07-R10;big;weekday;05:15;25:25;3
P07-R10-WD08;P07;line;P07-R10;big;weekday;05:35;25:05;3
P07-R10-WD09;P07;line;P07-R10;big;weekday;07:35;16:10;1
P07-R10-WD10;P07;line;P07-R10;big;weekday;05:15;25:00;3
P07-R11-WD01;P07;line;P07-R11;extra_big;weekday;05:05;24:10;3
P07-R11-WD02;P07;line;P07-R11;extra_big;weekday;06:50;22:35;2
P07-R11-WD03;P07;line;P07-R11;extra_big;weekday;08:45;17:05;1
P07-R11-WD04;P07;line;P07-R11;extra_big;weekday;06:35;15:05;1
P07-R11-WD05;P07;line;P07-R11;extra_big;weekday;07:30;16:10;1
P07-R11-WD06;P07;line;P07-R11;extra_big;weekday;06:40;16:00;1
P07-R11-WD07;P07;line;P07-R11;extra_big;weekday;07:00;16:00;1
P07-R11-WD08;P07;line;P07-R11;extra_big;weekday;05:20;25:15;3
P07-R11-WD09;P07;line;P07-R11;extra_big;weekday;05:00;25:15;3
P07-R11-WD10;P07;line;P07-R11;extra_big;weekday;06:15;23:05;2
P07-R11-WD11;P07;line;P07-R11;extra_big;weekday;05:40;25:35;3
P07-R11-WD12;P07;line;P07-R11;extra_big;weekday;05:30;25:55;3
P07-R11-WD13;P07;line;P07-R11;extra_big;weekday;05:25;20:55;2
P07-R11-WD14;P07;line;P07-R11;extra_big;weekday;05:35;25:35;3
P07-R11-WD15;P07;line;P07-R11;extra_big;weekday;06:35;16:00;1
P07-R11-WD16;P07;line;P07-R11;extra_big;weekday;05:25;24:40;3
P07-R11-WD17;P07;line;P07-R11;extra_big;weekday;04:55;25:25;3
P07-R11-WD18;P07;line;P07-R11;extra_big;weekday;05:40;21:00;2
P07-R11-WD19;P07;line;P07-R11;extra_big;weekday;05:20;25:15;3
P07-R11-WD20;P07;line;P07-R11;extra_big;weekday;05:30;22:10;2
P07-R11-WD21;P07;line;P07-R11;extra_big;weekday;07:55;16:10;1
P07-R11-WD22;P07;line;P07-R11;extra_big;weekday;05:15;24:15;3
P07-R11-WD23;P07;line;P07-R11;extra_big;weekday;06:40;22:25;2
P07-R11-WD24;P07;line;P07-R11;extra_big;weekday;05:15;25:05;3
P07-R11-WD25;P07;line;P07-R11;extra_big;weekday;05:40;21:15;2
P07-R11-WD26;P07;line;P07-R11;extra_big;weekday;05:10;20:50;2
P07-R11-WD27;P07;line;P07-R11;extra_big;weekday;05:25;20:25;2
P07-R11-WD28;P07;line;P07-R11;extra_big;weekday;05:40;25:00;3
P07-R11-WD29;P07;line;P07-R11;extra_big;weekday;06:35;23:35;2
P07-R11-WD30;P07;line;P07-R11;extra_big;weekday;05:00;20:15;2
P07-R11-WD31;P07;line;P07-R11;extra_big;weekday;04:50;23:55;3
P07-R12-WD01;P07;line;P07-R12;big;weekday;05:55;22:40;2
P07-R12-WD02;P07;line;P07-R12;big;weekday;05:10;20:25;2
P07-R12-WD03;P07;line;P07-R12;big;weekday;05:00;24:50;3
P07-R12-WD04;P07;line;P07-R12;big;weekday;05:40;25:25;3
P07-R13-WD01;P07;line;P07-R13;big;weekday;05:20;24:35;3
P07-R13-WD02;P07;line;P07-R13;big;weekday;05:30;20:45;2
P07-R13-WD03;P07;line;P07-R13;big;weekday;06:55;15:05;1
P07-R13-WD04;P07;line;P07-R13;big;weekday;06:10;15:00;1
P07-R13-WD05;P07;line;P07-R13;big;weekday;06:30;22:55;2
P07-R13-WD06;P07;line;P07-R13;big;weekday;05:00;21:55;2
P07-R13-WD07;P07;line;P07-R13;big;weekday;05:15;24:55;3
P07-R13-WD08;P07;line;P07-R13;big;weekday;05:15;25:25;3
P07-R13-WD09;P07;line;P07-R13;big;weekday;05:20;22:05;2
P07-R14-WD01;P07;line;P07-R14;big;weekday;05:10;20:10;2
P07-R14-WD02;P07;line;P07-R14;big;weekday;04:50;24:10;3
P07-R14-WD03;P07;line;P07-R14;big;weekday;05:00;21:30;2
P07-R14-WD04;P07;line;P07-R14;big;weekday;05:40;25:55;3
P07-R14-WD05;P07;line;P07-R14;big;weekday;05:40;14:25;1
P07-R14-WD06;P07;line;P07-R14;big;weekday;08:50;18:10;1
P07-R14-WD07;P07;line;P07-R14;big;weekday;05:30;25:20;3
P07-R15-WD01;P07;line;P07-R15;big;weekday;05:10;25:20;3
P07-R15-WD02;P07;line;P07-R15;big;weekday;05:45;21:50;2
P07-R15-WD03;P07;line;P07-R15;big;weekday;05:35;21:35;2
P07-R15-WD04;P07;line;P07-R15;big;weekday;05:35;25:40;3
P07-R15-WD05;P07;line;P07-R15;big;weekday;05:40;15:00;1
P07-R15-WD06;P07;line;P07-R15;big;weekday;06:15;14:20;1
P07-R15-WD07;P07;line;P07-R15;big;weekday;06:00;21:05;2
P07-R15-WD08;P07;line;P07-R15;big;weekday;07:15;16:00;1
P07-R16-WD01;P07;line;P07-R16;extra_big;weekday;07:00;15:05;1
P07-R16-WD02;P07;line;P07-R16;extra_big;weekday;05:25;24:45;3
P07-R16-WD03;P07;line;P07-R16;extra_big;weekday;05:40;25:30;3
P07-R16-WD04;P07;line;P07-R16;extra_big;weekday;06:25;23:05;2
P07-R16-WD05;P07;line;P07-R16;extra_big;weekday;06:00;22:15;2
P07-R16-WD06;P07;line;P07-R16;extra_big;weekday;08:35;16:45;1
P07-R16-WD07;P07;line;P07-R16;extra_big;weekday;05:35;25:40;3
P07-R16-WD08;P07;line;P07-R16;extra_big;weekday;05:40;25:15;3
P07-R16-WD09;P07;line;P07-R16;extra_big;weekday;05:05;24:55;3
P07-R16-WD10;P07;line;P07-R16;extra_big;weekday;06:50;22:40;2
P07-R16-WD11;P07;line;P07-R16;extra_big;weekday;05:20;21:40;2
P07-R16-WD12;P07;line;P07-R16;extra_big;weekday;05:50;21:10;2
P07-R16-WD13;P07;line;P07-R16;extra_big;weekday;07:10;16:30;1
P07-R16-WD14;P07;line;P07-R16;extra_big;weekday;06:55;22:30;2
P07-R16-WD15;P07;line;P07-R16;extra_big;weekday;05:00;24:35;3
P07-R16-WD16;P07;line;P07-R16;extra_big;weekday;05:25;24:35;3
P07-R16-WD17;P07;line;P07-R16;extra_big;weekday;05:10;25:25;3
P07-R16-WD18;P07;line;P07-R16;extra_big;weekday;05:20;24:30;3
P07-R16-WD19;P07;line;P07-R16;extra_big;weekday;06:15;15:45;1
P07-R16-WD20;P07;line;P07-R16;extra_big;weekday;05:25;25:15;3
P07-R16-WD21;P07;line;P07-R16;extra_big;weekday;08:35;16:40;1
P07-R16-WD22;P07;line;P07-R16;extra_big;weekday;07:50;16:50;1
P07-R16-WD23;P07;line;P07-R16;extra_big;weekday;06:05;22:45;2
P07-R16-WD24;P07;line;P07-R16;extra_big;weekday;05:40;25:15;3
P07-R16-WD25;P07;line;P07-R16;extra_big;weekday;05:40;20:55;2
P07-R16-WD26;P07;line;P07-R16;extra_big;weekday;08:40;17:40;1
P07-R16-WD27;P07;line;P07-R16;extra_big;weekday;06:55;22:30;2
P07-R16-WD28;P07;line;P07-R16;extra_big;weekday;08:10;16:35;1
P07-R16-WD29;P07;line;P07-R16;extra_big;weekday;04:50;24:55;3
P07-R16-WD30;P07;line;P07-R16;extra_big;weekday;06:20;22:40;2
P07-R17-WD01;P07;line;P07-R17;big;weekday;04:55;25:15;3
P07-R17-WD02;P07;line;P07-R17;big;weekday;04:50;24:10;3
P07-R17-WD03;P07;line;P07-R17;big;weekday;07:30;16:00;1
P07-R17-WD04;P07;line;P07-R17;big;weekday;05:20;24:55;3
P07-R17-WD05;P07;line;P07-R17;big;weekday;05:10;22:05;2
P07-R17-WD06;P07;line;P07-R17;big;weekday;08:20;17:05;1
P07-R17-WD07;P07;line;P07-R17;big;weekday;05:40;24:50;3
P07-R17-WD08;P07;line;P07-R17;big;weekday;05:15;25:30;3
P07-R17-WD09;P07;line;P07-R17;big;weekday;05:15;25:15;3
P07-R17-WD10;P07;line;P07-R17;big;weekday;06:40;22:35;2
P07-R17-WD11;P07;line;P07-R17;big;weekday;06:25;15:50;1
P07-R17-WD12;P07;line;P07-R17;big;weekday;06:05;15:15;1
P07-R17-WD13;P07;line;P07-R17;big;weekday;07:40;16:15;1
P07-R17-WD14;P07;line;P07-R17;big;weekday;05:45;21:15;2
P07-R17-WD15;P07;line;P07-R17;big;weekday;05:35;20:55;2
P07-R17-WD16;P07;line;P07-R17;big;weekday;05:40;21:25;2
P07-R17-WD17;P07;line;P07-R17;big;weekday;05:25;25:50;3
P07-R17-WD18;P07;line;P07-R17;big;weekday;07:20;15:45;1
P07-R18-WD01;P07;line;P07-R18;big;weekday;06:40;15:15;1
P07-R18-WD02;P07;line;P07-R18;big;weekday;07:40;16:05;1
P07-R18-WD03;P07;line;P07-R18;big;weekday;05:45;22:20;2
P07-R18-WD04;P07;line;P07-R18;big;weekday;08:40;16:45;1
P07-R18-WD05;P07;line;P07-R18;big;weekday;08:55;17:35;1
P07-R18-WD06;P07;line;P07-R18;big;weekday;05:35;25:50;3
P07-R18-WD07;P07;line;P07-R18;big;weekday;05:35;25:15;3
P07-R18-WD08;P07;line;P07-R18;big;weekday;05:35;25:55;3
P07-R18-WD09;P07;line;P07-R18;big;weekday;08:55;17:35;1
P07-R18-WD10;P07;line;P07-R18;big;weekday;04:50;24:40;3
P07-R18-WD11;P07;line;P07-R18;big;weekday;08:00;17:20;1
P07-R18-WD12;P07;line;P07-R18;big;weekday;05:30;25:35;3
P07-R18-WD13;P07;line;P07-R18;big;weekday;06:10;15:20;1
P07-R18-WD14;P07;line;P07-R18;big;weekday;05:00;21:00;2
P07-R19-WD01;P07;line;P07-R19;big;weekday;05:35;21:50;2
P07-R19-WD02;P07;line;P07-R19;big;weekday;06:25;15:35;1
P07-R19-WD03;P07;line;P07-R19;big;weekday;05:35;14:50;1
P07-R19-WD04;P07;line;P07-R19;big;weekday;08:50;17:35;1
P07-R19-WD05;P07;line;P07-R19;big;weekday;05:15;24:15;3
P07-R19-WD06;P07;line;P07-R19;big;weekday;08:40;17:15;1
P07-R19-WD07;P07;line;P07-R19;big;weekday;08:05;16:20;1
P07-R19-WD08;P07;line;P07-R19;big;weekday;05:35;15:05;1
P07-R19-WD09;P07;line;P07-R19;big;weekday;04:55;24:15;3
P07-R19-WD10;P07;line;P07-R19;big;weekday;06:15;15:25;1
P07-R19-WD11;P07;line;P07-R19;big;weekday;05:35;22:30;2
P07-R19-WD12;P07;line;P07-R19;big;weekday;08:05;16:15;1
P07-R24-WD01;P07;line;P07-R24;big;weekday;05:15;25:35;3
P07-R24-WD02;P07;line;P07-R24;big;weekday;06:15;21:30;2
P07-R24-WD03;P07;line;P07-R24;big;weekday;05:20;25:35;3
P07-RES-WD01;P07;reserve;;big;weekday;06:25;15:35;1
P07-RES-WD02;P07;reserve;;big;weekday;08:35;17:40;1
P07-RES-WD03;P07;reserve;;big;weekday;05:15;25:05;3
P07-RES-WD04;P07;reserve;;big;weekday;06:55;23:55;2
P07-RES-WD05;P07;reserve;;big;weekday;06:20;22:15;2
P07-RES-WD06;P07;reserve;;big;weekday;05:05;25:25;3
P07-RES-WD07;P07;reserve;;big;weekday;05:30;25:15;3
P07-RES-WD08;P07;reserve;;big;weekday;06:45;23:40;2
P07-RES-WD09;P07;reserve;;big;weekday;06:00;21:10;2
P07-RES-WD10;P07;reserve;;big;weekday;08:30;17:55;1
P07-RES-WD11;P07;reserve;;big;weekday;06:05;21:25;2
P07-RES-WD12;P07;reserve;;big;weekday;06:55;15:00;1
P07-RES-WD13;P07;reserve;;extra_big;weekday;04:50;25:15;3
P07-RES-WD14;P07;reserve;;extra_big;weekday;04:55;25:15;3
P07-RES-WD15;P07;reserve;;extra_big;weekday;06:30;15:40;1
P07-RES-WD16;P07;reserve;;extra_big;weekday;06:10;14:10;1
P07-RES-WD17;P07;reserve;;extra_big;weekday;07:00;22:50;2
P07-RES-WD18;P07;reserve;;extra_big;weekday;05:30;25:20;3
P07-RES-WD19;P07;reserve;;extra_big;weekday;06:20;14:55;1
P07-RES-WD20;P07;reserve;;extra_big;weekday;06:15;23:15;2
P07-RES-WD21;P07;reserve;;extra_big;weekday;05:30;25:35;3
P07-RES-WD22;P07;reserve;;extra_big;weekday;05:40;25:30;3
P07-RES-WD23;P07;reserve;;extra_big;weekday;05:20;25:00;3
P07-RES-WD24;P07;reserve;;extra_big;weekday;05:55;21:10;2
