id;park_id;number;allowed_classes;priority;length_km;length_source;turnaround_min;duties_weekday;duties_weekend
P07-R01;P07;3;big;1;20.92;справка;160;24;13
P07-R02;P07;11;extra_big;1;15.83;справка;125;27;19
P07-R03;P07;13а;big;3;12.64;справка;105;6;4
P07-R04;P07;13;big;1;10.26;справка;90;24;14
P07-R05;P07;22;big;2;19.31;справка;150;18;18
P07-R06;P07;26;extra_big;1;18.11;справка;140;33;21
P07-R07;P07;31;big;2;15.47;справка;125;18;14
P07-R08;P07;39;big;1;12.06;справка;100;23;23
P07-R09;P07;39Э;big;3;10.34;справка;90;7;7
P07-R10;P07;49;big;2;18.03;справка;140;10;10
P07-R11;P07;56;extra_big;1;15.61;справка;125;31;23
P07-R12;P07;59;big;3;10.48;справка;90;4;3
P07-R13;P07;65;big;2;13.36;справка;110;9;8
P07-R14;P07;82Э;big;3;15.43;справка;125;7;7
P07-R15;P07;90;big;3;17.32;справка;135;8;5
P07-R16;P07;114;extra_big;1;24.1;справка;180;30;22
P07-R17;P07;141;big;2;16.77;справка;130;18;14
P07-R18;P07;205;big;2;19.55;справка;150;14;11
P07-R19;P07;263;big;2;11.68;синтетика;100;12;11
P07-R20;P07;2М,2МА,2МБ;big;3;24.81;синтетика;185;0;0
P07-R21;P07;3М,3МА,3МБ;big;3;22.97;синтетика;175;0;0
P07-R22;P07;56Х;big;3;19.96;синтетика;155;0;0
P07-R23;P07;114Х;big;3;13.78;справка;110;0;0
P07-R24;P07;400Э;big;3;10.87;синтетика;90;3;0
