id;board_number;plate;model;class;fuel;park_id;condition;repair_days_left;home_route_id
P07-V0001;7001;УТ 868 178;VOLGABUS 5270G;big;gas;P07;maintenance;1;
P07-V0002;7002;АТ 952 198;VOLGABUS 5270G;big;gas;P07;ok;;P07-R12
P07-V0003;7003;ЕН 202 98;VOLGABUS 5270G;big;gas;P07;ok;;
P07-V0004;7004;НМ 843 178;VOLGABUS 5270G;big;gas;P07;ok;;
P07-V0005;7005;ХТ 854 78;VOLGABUS 5270G;big;gas;P07;ok;;P07-R07
P07-V0006;7006;ЕВ 427 78;VOLGABUS 5270G;big;gas;P07;ok;;P07-R17
P07-V0007;7007;СМ 972 98;VOLGABUS 5270G;big;gas;P07;ok;;P07-R04
P07-V0008;7008;МО 365 178;VOLGABUS 5270G;big;gas;P07;ok;;P07-R03
P07-V0009;7009;КХ 948 98;VOLGABUS 5270G;big;gas;P07;ok;;P07-R14
P07-V0010;7010;ЕО 852 98;VOLGABUS 5270G;big;gas;P07;repair;2;P07-R10
P07-V0011;7011;ХК 954 98;VOLGABUS 5270G;big;gas;P07;ok;;P07-R17
P07-V0012;7012;ЕВ 606 198;VOLGABUS 5270G;big;gas;P07;ok;;
P07-V0013;7013;РР 154 78;VOLGABUS 5270G;big;gas;P07;ok;;P07-R18
P07-V0014;7014;СУ 808 198;VOLGABUS 5270G;big;gas;P07;ok;;P07-R19
P07-V0015;7015;ОХ 505 78;VOLGABUS 5270G;big;gas;P07;repair;3;P07-R10
P07-V0016;7016;ЕК 377 178;VOLGABUS 5270G;big;gas;P07;repair;1;P07-R08
P07-V0017;7017;РХ 996 78;VOLGABUS 5270G;big;gas;P07;ok;;P07-R08
P07-V0018;7018;ТУ 222 98;VOLGABUS 5270G;big;gas;P07;ok;;P07-R05
P07-V0019;7019;ЕА 457 78;VOLGABUS 5270G;big;gas;P07;ok;;P07-R17
P07-V0020;7020;ЕЕ 121 78;VOLGABUS 5270G;big;gas;P07;ok;;
P07-V0021;7021;АВ 928 78;VOLGABUS 5270G;big;gas;P07;ok;;P07-R09
P07-V0022;7022;УЕ 095 98;VOLGABUS 5270G;big;gas;P07;ok;;P07-R17
P07-V0023;7023;ВО 401 78;VOLGABUS 5270G;big;gas;P07;ok;;P07-R19
P07-V0024;7024;РН 257 78;VOLGABUS 5270G;big;gas;P07;ok;;P07-R08
P07-V0025;7025;ТУ 345 98;VOLGABUS 5270G;big;gas;P07;ok;;P07-R05
P07-V0026;7026;НВ 938 98;VOLGABUS 5270G;big;gas;P07;ok;;P07-R07
P07-V0027;7027;РУ 872 178;VOLGABUS 5270G;big;gas;P07;ok;;
P07-V0028;7028;АК 701 198;VOLGABUS 52704G;big;gas;P07;repair;3;P07-R07
P07-V0029;7029;НК 729 178;VOLGABUS 52704G;big;gas;P07;ok;;P07-R07
P07-V0030;7030;НО 185 178;VOLGABUS 52704G;big;gas;P07;ok;;
P07-V0031;7031;ЕВ 352 198;VOLGABUS 52704G;big;gas;P07;ok;;P07-R04
P07-V0032;7032;ХР 516 178;VOLGABUS 52704G;big;gas;P07;ok;;P07-R03
P07-V0033;7033;АО 190 78;VOLGABUS 52704G;big;gas;P07;ok;;P07-R08
P07-V0034;7034;НВ 631 98;VOLGABUS 52704G;big;gas;P07;ok;;
P07-V0035;7035;РР 783 178;VOLGABUS 52704G;big;gas;P07;ok;;P07-R08
P07-V0036;7036;НМ 169 198;VOLGABUS 52704G;big;gas;P07;ok;;
P07-V0037;7037;ХУ 878 198;VOLGABUS 52704G;big;gas;P07;ok;;P07-R05
P07-V0038;7038;АО 687 98;VOLGABUS 52704G;big;gas;P07;ok;;P07-R01
P07-V0039;7039;АА 228 78;VOLGABUS 52704G;big;gas;P07;ok;;P07-R05
P07-V0040;7040;ВК 346 98;VOLGABUS 52704G;big;gas;P07;ok;;
P07-V0041;7041;АТ 317 178;VOLGABUS 52704G;big;gas;P07;ok;;
P07-V0042;7042;ТХ 706 78;VOLGABUS 52704G;big;gas;P07;ok;;P07-R05
P07-V0043;7043;ЕН 972 198;VOLGABUS 52704G;big;gas;P07;repair;6;
P07-V0044;7044;НС 009 98;VOLGABUS 52704G;big;gas;P07;ok;;
P07-V0045;7045;МХ 973 178;VOLGABUS 52704G;big;gas;P07;ok;;P07-R04
P07-V0046;7046;ЕА 466 78;VOLGABUS 52704G;big;gas;P07;ok;;P07-R09
P07-V0047;7047;ТК 082 98;VOLGABUS 52704G;big;gas;P07;ok;;P07-R10
P07-V0048;7048;СР 180 98;VOLGABUS 52704G;big;gas;P07;ok;;P07-R01
P07-V0049;7049;СР 125 198;VOLGABUS 52704G;big;gas;P07;ok;;P07-R19
P07-V0050;7050;ХЕ 730 78;VOLGABUS 52704G;big;gas;P07;ok;;P07-R04
P07-V0051;7051;ХЕ 146 78;VOLGABUS 52704G;big;gas;P07;ok;;P07-R04
P07-V0052;7052;СА 450 198;VOLGABUS 52704G;big;gas;P07;ok;;
P07-V0053;7053;ЕО 291 98;VOLGABUS 52704G;big;gas;P07;ok;;P07-R15
P07-V0054;7054;ТР 627 198;VOLGABUS 52704G;big;gas;P07;ok;;
P07-V0055;7055;УО 638 98;VOLGABUS 52704G;big;gas;P07;ok;;P07-R18
P07-V0056;7056;СТ 548 178;VOLGABUS 52704G;big;gas;P07;ok;;
P07-V0057;7057;РА 206 198;VOLGABUS 52704G;big;gas;P07;ok;;
P07-V0058;7058;СЕ 615 78;VOLGABUS 52704G;big;gas;P07;ok;;P07-R08
P07-V0059;7059;ХМ 682 98;VOLGABUS 52704G;big;gas;P07;ok;;
P07-V0060;7060;ВУ 236 78;VOLGABUS 52704G;big;gas;P07;maintenance;1;P07-R13
P07-V0061;7061;НЕ 875 178;VOLGABUS 52704G;big;gas;P07;ok;;
P07-V0062;7062;МУ 720 78;VOLGABUS 52704G;big;gas;P07;ok;;P07-R08
P07-V0063;7063;ТК 769 198;VOLGABUS 52704G;big;gas;P07;ok;;P07-R18
P07-V0064;7064;АТ 066 198;VOLGABUS 52704G;big;gas;P07;repair;6;P07-R09
P07-V0065;7065;ЕО 224 78;VOLGABUS 52704G;big;gas;P07;ok;;P07-R05
P07-V0066;7066;РС 464 198;VOLGABUS 52704G;big;gas;P07;ok;;P07-R18
P07-V0067;7067;СВ 782 98;VOLGABUS 52704G;big;gas;P07;ok;;P07-R05
P07-V0068;7068;ЕА 197 178;VOLGABUS 52704G;big;gas;P07;ok;;P07-R08
P07-V0069;7069;УМ 359 198;VOLGABUS 52704G;big;gas;P07;ok;;P07-R08
P07-V0070;7070;НО 431 198;VOLGABUS 52704G;big;gas;P07;ok;;P07-R24
P07-V0071;7071;АХ 785 78;VOLGABUS 52704G;big;gas;P07;maintenance;1;P07-R19
P07-V0072;7072;АР 686 178;VOLGABUS 52704G;big;gas;P07;ok;;P07-R01
P07-V0073;7073;ЕС 162 98;VOLGABUS 52704G;big;gas;P07;ok;;P07-R13
P07-V0074;7074;УК 591 178;VOLGABUS 52704G;big;gas;P07;ok;;P07-R01
P07-V0075;7075;СН 949 78;VOLGABUS 52704G;big;gas;P07;ok;;P07-R04
P07-V0076;7076;МН 745 178;ЛиАЗ 529267;big;gas;P07;ok;;P07-R24
P07-V0077;7077;ВХ 156 198;ЛиАЗ 529267;big;gas;P07;ok;;P07-R15
P07-V0078;7078;МХ 992 78;ЛиАЗ 529267;big;gas;P07;repair;6;P07-R08
P07-V0079;7079;РХ 987 98;ЛиАЗ 529267;big;gas;P07;ok;;
P07-V0080;7080;ХТ 090 178;ЛиАЗ 529267;big;gas;P07;ok;;P07-R05
P07-V0081;7081;АТ 447 198;ЛиАЗ 529267;big;gas;P07;ok;;P07-R07
P07-V0082;7082;ТО 930 98;ЛиАЗ 529267;big;gas;P07;ok;;P07-R08
P07-V0083;7083;ЕК 886 98;ЛиАЗ 529267;big;gas;P07;ok;;
P07-V0084;7084;АВ 396 78;ЛиАЗ 529267;big;gas;P07;ok;;P07-R01
P07-V0085;7085;НЕ 344 98;ЛиАЗ 529267;big;gas;P07;ok;;P07-R09
P07-V0086;7086;ММ 836 78;ЛиАЗ 529267;big;gas;P07;ok;;
P07-V0087;7087;ЕВ 709 178;ЛиАЗ 529267;big;gas;P07;maintenance;1;P07-R01
P07-V0088;7088;АХ 300 98;ЛиАЗ 529267;big;gas;P07;ok;;
P07-V0089;7089;ТМ 945 98;ЛиАЗ 529267;big;gas;P07;repair;4;P07-R08
P07-V0090;7090;УУ 980 78;ЛиАЗ 529267;big;gas;P07;ok;;P07-R07
P07-V0091;7091;РУ 675 98;ЛиАЗ 529267;big;gas;P07;ok;;P07-R08
P07-V0092;7092;АС 879 178;ЛиАЗ 529267;big;gas;P07;ok;;P07-R04
P07-V0093;7093;ОМ 473 198;ЛиАЗ 529267;big;gas;P07;ok;;P07-R05
P07-V0094;7094;ВВ 642 98;ЛиАЗ 529267;big;gas;P07;ok;;P07-R13
P07-V0095;7095;ВО 997 178;ЛиАЗ 529267;big;gas;P07;ok;;P07-R10
P07-V0096;7096;РН 716 78;ЛиАЗ 529267;big;gas;P07;ok;;P07-R05
P07-V0097;7097;НР 289 78;ЛиАЗ 529267;big;gas;P07;ok;;
P07-V0098;7098;УТ 788 198;ЛиАЗ 529267;big;gas;P07;ok;;
P07-V0099;7099;УС 394 78;ЛиАЗ 529267;big;gas;P07;ok;;
P07-V0100;7100;ТК 450 98;ЛиАЗ 529267;big;gas;P07;maintenance;1;P07-R17
P07-V0101;7101;АР 500 98;ЛиАЗ 529267;big;gas;P07;ok;;
P07-V0102;7102;УХ 162 98;ЛиАЗ 529267;big;gas;P07;ok;;P07-R05
P07-V0103;7103;РЕ 057 198;ЛиАЗ 529267;big;gas;P07;ok;;P07-R19
P07-V0104;7104;АМ 827 198;ЛиАЗ 529267;big;gas;P07;ok;;P07-R14
P07-V0105;7105;ВУ 056 198;ЛиАЗ 529267;big;gas;P07;ok;;P07-R17
P07-V0106;7106;СО 488 98;ЛиАЗ 529267;big;gas;P07;ok;;P07-R09
P07-V0107;7107;НН 492 98;ЛиАЗ 529267;big;gas;P07;repair;6;P07-R18
P07-V0108;7108;ОС 204 198;ЛиАЗ 529267;big;gas;P07;ok;;P07-R15
P07-V0109;7109;ВА 791 178;ЛиАЗ 529267;big;gas;P07;ok;;P07-R18
P07-V0110;7110;УС 356 178;ЛиАЗ 529267;big;gas;P07;ok;;P07-R05
P07-V0111;7111;ХЕ 061 178;ЛиАЗ 529267;big;gas;P07;ok;;P07-R17
P07-V0112;7112;РТ 312 78;ЛиАЗ 529267;big;gas;P07;ok;;P07-R07
P07-V0113;7113;АТ 500 78;ЛиАЗ 529267;big;gas;P07;ok;;P07-R08
P07-V0114;7114;УТ 373 78;ЛиАЗ 529267;big;gas;P07;ok;;P07-R17
P07-V0115;7115;ВВ 500 198;ЛиАЗ 529267;big;gas;P07;ok;;P07-R07
P07-V0116;7116;ОМ 328 198;ЛиАЗ 529267;big;gas;P07;ok;;P07-R01
P07-V0117;7117;ВР 106 78;ЛиАЗ 529267;big;gas;P07;ok;;
P07-V0118;7118;КМ 284 178;ЛиАЗ 529267;big;gas;P07;ok;;P07-R01
P07-V0119;7119;ХО 797 198;ЛиАЗ 529267;big;gas;P07;ok;;P07-R13
P07-V0120;7120;ОЕ 833 198;ЛиАЗ 529267;big;gas;P07;ok;;P07-R04
P07-V0121;7121;НК 745 198;ЛиАЗ 529267;big;gas;P07;ok;;
P07-V0122;7122;КН 953 178;ЛиАЗ 529267;big;gas;P07;repair;2;P07-R17
P07-V0123;7123;СЕ 754 198;ЛиАЗ 529267;big;gas;P07;ok;;P07-R13
P07-V0124;7124;РА 291 178;ЛиАЗ 529267;big;gas;P07;ok;;P07-R14
P07-V0125;7125;ВО 393 78;ЛиАЗ 529267;big;gas;P07;ok;;P07-R01
P07-V0126;7126;СК 869 98;ЛиАЗ 529267;big;gas;P07;ok;;P07-R18
P07-V0127;7127;ХТ 367 178;ЛиАЗ 529267;big;gas;P07;maintenance;1;P07-R07
P07-V0128;7128;УХ 648 178;ЛиАЗ 529267;big;gas;P07;ok;;P07-R05
P07-V0129;7129;ОО 242 78;ЛиАЗ 529267;big;gas;P07;ok;;P07-R17
P07-V0130;7130;АУ 080 98;ЛиАЗ 529267;big;gas;P07;repair;1;P07-R03
P07-V0131;7131;ОЕ 226 178;ЛиАЗ 529267;big;gas;P07;ok;;P07-R17
P07-V0132;7132;МУ 118 178;ЛиАЗ 529267;big;gas;P07;ok;;P07-R19
P07-V0133;7133;ТЕ 856 78;ЛиАЗ 529267;big;gas;P07;ok;;P07-R18
P07-V0134;7134;ТН 384 98;ЛиАЗ 529267;big;gas;P07;ok;;P07-R03
P07-V0135;7135;ММ 955 98;ЛиАЗ 529267;big;gas;P07;ok;;P07-R01
P07-V0136;7136;МН 130 78;ЛиАЗ 529267;big;gas;P07;ok;;
P07-V0137;7137;РА 301 198;ЛиАЗ 529267;big;gas;P07;ok;;P07-R17
P07-V0138;7138;ВМ 252 78;ЛиАЗ 529267;big;gas;P07;ok;;P07-R17
P07-V0139;7139;МК 612 198;ЛиАЗ 529267;big;gas;P07;ok;;P07-R13
P07-V0140;7140;ТС 890 78;ЛиАЗ 529267;big;gas;P07;ok;;
P07-V0141;7141;ОТ 610 198;ЛиАЗ 529267 (сж);big;gas;P07;ok;;P07-R01
P07-V0142;7142;ВО 279 198;ЛиАЗ 529267 (сж);big;gas;P07;ok;;P07-R07
P07-V0143;7143;НХ 027 178;ЛиАЗ 529267 (сж);big;gas;P07;ok;;P07-R07
P07-V0144;7144;ОН 945 198;ЛиАЗ 529267 (сж);big;gas;P07;ok;;P07-R15
P07-V0145;7145;УЕ 771 178;MERCEDES;big;diesel;P07;ok;;
P07-V0146;7146;ОН 895 78;VOLGABUS 527002-10;big;diesel;P07;ok;;P07-R04
P07-V0147;7147;МН 799 198;VOLGABUS 527002-10;big;diesel;P07;ok;;P07-R08
P07-V0148;7148;ВА 366 78;VOLGABUS 527002-10;big;diesel;P07;ok;;P07-R01
P07-V0149;7149;МР 593 78;VOLGABUS 527002-10;big;diesel;P07;ok;;P07-R15
P07-V0150;7150;НР 715 178;VOLGABUS 527002-10;big;diesel;P07;ok;;P07-R10
P07-V0151;7151;АН 371 178;VOLGABUS 527002-10;big;diesel;P07;ok;;P07-R15
P07-V0152;7152;СК 681 78;VOLGABUS 527002-10;big;diesel;P07;ok;;P07-R05
P07-V0153;7153;КЕ 869 98;VOLGABUS 527002-10;big;diesel;P07;ok;;
P07-V0154;7154;ХР 958 198;VOLGABUS 527002-10;big;diesel;P07;ok;;P07-R10
P07-V0155;7155;РУ 234 198;VOLGABUS 527002-10;big;diesel;P07;ok;;P07-R10
P07-V0156;7156;ВУ 482 78;VOLGABUS 527002-10;big;diesel;P07;ok;;P07-R07
P07-V0157;7157;МК 134 78;VOLGABUS 527002-10;big;diesel;P07;ok;;P07-R18
P07-V0158;7158;ХХ 928 198;VOLGABUS 527002-10;big;diesel;P07;ok;;
P07-V0159;7159;НЕ 805 198;VOLGABUS 527002-10;big;diesel;P07;repair;5;P07-R18
P07-V0160;7160;ВХ 116 78;VOLGABUS 527002-10;big;diesel;P07;ok;;P07-R07
P07-V0161;7161;ХР 935 178;VOLGABUS 527002-10;big;diesel;P07;ok;;P07-R07
P07-V0162;7162;ХА 223 198;VOLGABUS 527002-10;big;diesel;P07;ok;;P07-R01
P07-V0163;7163;АМ 658 98;VOLGABUS 527002-10;big;diesel;P07;ok;;P07-R18
P07-V0164;7164;УЕ 383 78;VOLGABUS 527002-10;big;diesel;P07;ok;;P07-R04
P07-V0165;7165;СЕ 518 178;VOLGABUS 527002-10;big;diesel;P07;ok;;P07-R03
P07-V0166;7166;УС 594 178;VOLGABUS 527002-10;big;diesel;P07;ok;;P07-R01
P07-V0167;7167;НВ 078 78;VOLGABUS 527002-10;big;diesel;P07;ok;;P07-R18
P07-V0168;7168;ХК 354 198;VOLGABUS 527002-10;big;diesel;P07;ok;;P07-R01
P07-V0169;7169;ОЕ 710 178;VOLGABUS 527002-10;big;diesel;P07;ok;;P07-R04
P07-V0170;7170;РТ 409 98;VOLGABUS 527002-10;big;diesel;P07;ok;;P07-R14
P07-V0171;7171;АН 363 98;VOLGABUS 527002-10;big;diesel;P07;ok;;P07-R10
P07-V0172;7172;УЕ 722 98;VOLGABUS 527002-10;big;diesel;P07;ok;;P07-R04
P07-V0173;7173;ТО 753 198;VOLGABUS 527002-10;big;diesel;P07;ok;;
P07-V0174;7174;АЕ 273 78;VOLGABUS 527002-10;big;diesel;P07;ok;;
P07-V0175;7175;РЕ 398 78;VOLGABUS 527002-10;big;diesel;P07;ok;;P07-R15
P07-V0176;7176;ХА 921 178;VOLGABUS 527002-10;big;diesel;P07;ok;;
P07-V0177;7177;МВ 771 78;VOLGABUS 527002-10;big;diesel;P07;ok;;P07-R04
P07-V0178;7178;КМ 324 198;VOLGABUS 527002-10;big;diesel;P07;ok;;
P07-V0179;7179;СЕ 784 198;VOLGABUS 527002-10;big;diesel;P07;ok;;P07-R17
P07-V0180;7180;УС 449 178;VOLGABUS 527002-10;big;diesel;P07;ok;;P07-R01
P07-V0181;7181;АО 490 78;VOLGABUS 527002-10;big;diesel;P07;ok;;P07-R08
P07-V0182;7182;ВУ 939 78;VOLGABUS 527002-10;big;diesel;P07;maintenance;1;P07-R03
P07-V0183;7183;УТ 365 178;VOLGABUS 527002-10;big;diesel;P07;ok;;P07-R19
P07-V0184;7184;НК 121 198;VOLGABUS 527002-10;big;diesel;P07;ok;;P07-R04
P07-V0185;7185;УТ 631 98;VOLGABUS 527002-10;big;diesel;P07;ok;;P07-R08
P07-V0186;7186;УВ 817 178;VOLGABUS 527002-10;big;diesel;P07;ok;;P07-R19
P07-V0187;7187;ХА 357 178;VOLGABUS 527002-10;big;diesel;P07;ok;;P07-R01
P07-V0188;7188;МТ 009 98;VOLGABUS 527002-10;big;diesel;P07;ok;;
P07-V0189;7189;НО 484 198;VOLGABUS 527002-10;big;diesel;P07;ok;;P07-R17
P07-V0190;7190;ВО 493 198;VOLGABUS 527002-10;big;diesel;P07;ok;;P07-R12
P07-V0191;7191;РХ 592 198;VOLGABUS 527002-10;big;diesel;P07;ok;;P07-R01
P07-V0192;7192;АМ 343 178;VOLGABUS 527002-10;big;diesel;P07;maintenance;1;
P07-V0193;7193;ТЕ 137 98;VOLGABUS 527002-10;big;diesel;P07;ok;;P07-R10
P07-V0194;7194;РТ 501 178;VOLGABUS 527002-10;big;diesel;P07;ok;;P07-R07
P07-V0195;7195;КН 494 78;VOLGABUS 527002-10;big;diesel;P07;ok;;P07-R07
P07-V0196;7196;КХ 483 98;VOLGABUS 527002-10;big;diesel;P07;ok;;P07-R19
P07-V0197;7197;СА 516 178;VOLGABUS 527002-10;big;diesel;P07;ok;;
P07-V0198;7198;КО 767 78;VOLGABUS 527002-10;big;diesel;P07;maintenance;1;P07-R18
P07-V0199;7199;НВ 426 178;VOLGABUS 527002-10;big;diesel;P07;ok;;
P07-V0200;7200;ЕВ 389 198;VOLGABUS 527002-10;big;diesel;P07;ok;;P07-R04
P07-V0201;7201;ЕХ 920 178;VOLGABUS 527002-10;big;diesel;P07;ok;;P07-R19
P07-V0202;7202;НА 662 98;VOLGABUS 527002-10;big;diesel;P07;repair;6;P07-R01
P07-V0203;7203;УТ 779 98;VOLGABUS 527002-10;big;diesel;P07;ok;;
P07-V0204;7204;КВ 057 78;VOLGABUS 527002-10;big;diesel;P07;repair;5;P07-R08
P07-V0205;7205;РМ 304 98;VOLGABUS 527002-10;big;diesel;P07;ok;;P07-R17
P07-V0206;7206;ВН 895 78;VOLGABUS 527002-10;big;diesel;P07;ok;;P07-R04
P07-V0207;7207;УС 856 178;VOLGABUS 527002-10;big;diesel;P07;ok;;P07-R19
P07-V0208;7208;ХМ 203 78;VOLGABUS 527002-10;big;diesel;P07;ok;;P07-R08
P07-V0209;7209;СТ 873 98;VOLGABUS 527002-10;big;diesel;P07;ok;;P07-R05
P07-V0210;7210;ВЕ 437 78;VOLGABUS 527002-10;big;diesel;P07;ok;;P07-R04
P07-V0211;7211;СС 848 198;VOLGABUS 527002-10;big;diesel;P07;ok;;
P07-V0212;7212;ЕА 626 98;ЛиАЗ 529265;big;diesel;P07;ok;;P07-R08
P07-V0213;7213;МУ 592 198;ЛиАЗ 529265;big;diesel;P07;ok;;P07-R17
P07-V0214;7214;УХ 771 178;ЛиАЗ 529265;big;diesel;P07;ok;;
P07-V0215;7215;РМ 964 178;ЛиАЗ 529265;big;diesel;P07;ok;;P07-R15
P07-V0216;7216;КТ 223 78;ЛиАЗ 529265;big;diesel;P07;ok;;P07-R07
P07-V0217;7217;СУ 994 78;ЛиАЗ 529265;big;diesel;P07;ok;;P07-R08
P07-V0218;7218;ХВ 879 78;ЛиАЗ 529265;big;diesel;P07;ok;;P07-R24
P07-V0219;7219;МС 660 178;ЛиАЗ 529265;big;diesel;P07;ok;;P07-R18
P07-V0220;7220;ЕЕ 292 78;ЛиАЗ 529265;big;diesel;P07;ok;;
P07-V0221;7221;ТН 125 98;ЛиАЗ 529265;big;diesel;P07;ok;;P07-R01
P07-V0222;7222;ОА 462 98;ЛиАЗ 529265;big;diesel;P07;ok;;
P07-V0223;7223;НУ 710 98;ЛиАЗ 529265;big;diesel;P07;ok;;P07-R04
P07-V0224;7224;МУ 289 98;ЛиАЗ 529265;big;diesel;P07;ok;;P07-R04
P07-V0225;7225;РО 542 178;ЛиАЗ 529265;big;diesel;P07;ok;;P07-R01
P07-V0226;7226;КС 573 78;ЛиАЗ 529265;big;diesel;P07;ok;;P07-R12
P07-V0227;7227;НУ 202 78;ЛиАЗ 529265;big;diesel;P07;ok;;P07-R01
P07-V0228;7228;ТК 346 178;ЛиАЗ 529265;big;diesel;P07;ok;;P07-R09
P07-V0229;7229;ОВ 781 78;ЛиАЗ 529265;big;diesel;P07;ok;;P07-R19
P07-V0230;7230;НН 979 178;ЛиАЗ 529265;big;diesel;P07;ok;;P07-R13
P07-V0231;7231;ВУ 657 198;ЛиАЗ 529265;big;diesel;P07;ok;;P07-R04
P07-V0232;7232;УС 865 78;ЛиАЗ 529265;big;diesel;P07;repair;2;P07-R04
P07-V0233;7233;РЕ 310 198;ЛиАЗ 529265;big;diesel;P07;ok;;P07-R14
P07-V0234;7234;ВТ 026 178;ЛиАЗ 529265;big;diesel;P07;repair;4;P07-R12
P07-V0235;7235;НУ 329 178;ЛиАЗ 529265;big;diesel;P07;ok;;
P07-V0236;7236;УК 837 78;ЛиАЗ 529265;big;diesel;P07;ok;;P07-R01
P07-V0237;7237;НХ 566 78;ЛиАЗ 529265;big;diesel;P07;ok;;P07-R05
P07-V0238;7238;ВВ 457 98;ЛиАЗ 529265;big;diesel;P07;repair;1;P07-R01
P07-V0239;7239;ОВ 828 178;ЛиАЗ 529265;big;diesel;P07;ok;;P07-R08
P07-V0240;7240;РУ 286 98;ЛиАЗ 529265;big;diesel;P07;ok;;P07-R07
P07-V0241;7241;УУ 930 198;ЛиАЗ 529265;big;diesel;P07;ok;;P07-R04
P07-V0242;7242;СН 694 178;ЛиАЗ 529265;big;diesel;P07;ok;;P07-R04
P07-V0243;7243;ЕН 170 98;ЛиАЗ 529265;big;diesel;P07;ok;;
P07-V0244;7244;ХА 419 198;ЛиАЗ 529265;big;diesel;P07;ok;;P07-R17
P07-V0245;7245;НО 538 198;ЛиАЗ 529265;big;diesel;P07;maintenance;1;P07-R10
P07-V0246;7246;КУ 573 98;ЛиАЗ 529265;big;diesel;P07;ok;;
P07-V0247;7247;УК 202 178;ЛиАЗ 529265;big;diesel;P07;ok;;P07-R13
P07-V0248;7248;МА 868 198;ЛиАЗ 529265;big;diesel;P07;ok;;P07-R05
P07-V0249;7249;МА 052 78;ЛиАЗ 529265;big;diesel;P07;ok;;P07-R13
P07-V0250;7250;ТР 659 198;ЛиАЗ 529265;big;diesel;P07;ok;;P07-R04
P07-V0251;7251;МУ 579 178;ЛиАЗ 529265;big;diesel;P07;ok;;
P07-V0252;7252;ОА 709 178;ЛиАЗ 529265;big;diesel;P07;maintenance;1;P07-R05
P07-V0253;7253;УС 092 178;ЛиАЗ 529265;big;diesel;P07;ok;;P07-R14
P07-V0254;7254;ХУ 674 198;ЛиАЗ 529265;big;diesel;P07;ok;;P07-R14
P07-V0255;7255;КУ 620 78;ЛиАЗ 529265;big;diesel;P07;ok;;
P07-V0256;7256;КТ 419 98;ЛиАЗ 529265;big;diesel;P07;ok;;
P07-V0257;7257;ТС 656 78;ЛиАЗ 529265;big;diesel;P07;ok;;P07-R09
P07-V0258;7258;ОО 845 198;ЛиАЗ 529265;big;diesel;P07;ok;;P07-R08
P07-V0259;7259;РЕ 050 98;MERCEDES;extra_big;diesel;P07;ok;;
P07-V0260;7260;НУ 887 98;VOLGABUS 627102;extra_big;diesel;P07;repair;5;
P07-V0261;7261;УТ 363 78;VOLGABUS 627102;extra_big;diesel;P07;ok;;P07-R06
P07-V0262;7262;КН 699 78;VOLGABUS 627102;extra_big;diesel;P07;ok;;
P07-V0263;7263;УЕ 742 78;VOLGABUS 627102;extra_big;diesel;P07;ok;;
P07-V0264;7264;ЕН 746 98;VOLGABUS 627102;extra_big;diesel;P07;maintenance;1;
P07-V0265;7265;СК 570 178;VOLGABUS 627102;extra_big;diesel;P07;ok;;P07-R16
P07-V0266;7266;ХР 236 78;VOLGABUS 627102;extra_big;diesel;P07;ok;;P07-R11
P07-V0267;7267;ОВ 412 198;VOLGABUS 627102;extra_big;diesel;P07;ok;;P07-R06
P07-V0268;7268;НЕ 739 98;VOLGABUS 627102;extra_big;diesel;P07;ok;;P07-R11
P07-V0269;7269;ХТ 503 198;VOLGABUS 627102;extra_big;diesel;P07;ok;;P07-R02
P07-V0270;7270;МС 521 178;VOLGABUS 627102;extra_big;diesel;P07;ok;;P07-R16
P07-V0271;7271;ХМ 691 78;VOLGABUS 627102;extra_big;diesel;P07;repair;1;P07-R11
P07-V0272;7272;РХ 234 98;VOLGABUS 627102;extra_big;diesel;P07;ok;;
P07-V0273;7273;НТ 321 178;VOLGABUS 627102;extra_big;diesel;P07;ok;;P07-R02
P07-V0274;7274;ТС 378 198;VOLGABUS 627102;extra_big;diesel;P07;ok;;
P07-V0275;7275;ОО 395 178;VOLGABUS 627102;extra_big;diesel;P07;ok;;P07-R11
P07-V0276;7276;ОО 836 178;VOLGABUS 627102;extra_big;diesel;P07;ok;;P07-R06
P07-V0277;7277;РЕ 196 178;VOLGABUS 627102;extra_big;diesel;P07;ok;;P07-R02
P07-V0278;7278;РА 089 178;VOLGABUS 627102;extra_big;diesel;P07;ok;;P07-R11
P07-V0279;7279;ММ 659 198;VOLGABUS 627102;extra_big;diesel;P07;ok;;
P07-V0280;7280;МН 516 178;VOLGABUS 627102;extra_big;diesel;P07;repair;2;P07-R11
P07-V0281;7281;ЕХ 242 178;VOLGABUS 627102;extra_big;diesel;P07;ok;;P07-R06
P07-V0282;7282;ВУ 987 178;VOLGABUS 627102;extra_big;diesel;P07;ok;;P07-R11
P07-V0283;7283;СЕ 654 198;VOLGABUS 627102;extra_big;diesel;P07;ok;;P07-R11
P07-V0284;7284;ХО 335 178;VOLGABUS 627102;extra_big;diesel;P07;ok;;
P07-V0285;7285;РЕ 298 198;VOLGABUS 627102;extra_big;diesel;P07;ok;;P07-R02
P07-V0286;7286;АН 586 178;VOLGABUS 627102;extra_big;diesel;P07;ok;;
P07-V0287;7287;АТ 871 198;VOLGABUS 627102;extra_big;diesel;P07;ok;;P07-R06
P07-V0288;7288;РО 873 178;VOLGABUS 627102;extra_big;diesel;P07;ok;;P07-R16
P07-V0289;7289;РХ 399 78;VOLGABUS 627102;extra_big;diesel;P07;maintenance;1;P07-R02
P07-V0290;7290;НТ 729 98;VOLGABUS 627102;extra_big;diesel;P07;ok;;P07-R02
P07-V0291;7291;МК 341 198;VOLGABUS 627102;extra_big;diesel;P07;maintenance;1;P07-R06
P07-V0292;7292;РВ 172 178;VOLGABUS 627102;extra_big;diesel;P07;ok;;P07-R11
P07-V0293;7293;ЕЕ 358 98;VOLGABUS 627102;extra_big;diesel;P07;ok;;P07-R02
P07-V0294;7294;ХО 022 78;VOLGABUS 627102;extra_big;diesel;P07;ok;;P07-R06
P07-V0295;7295;ВВ 967 78;VOLGABUS 627102;extra_big;diesel;P07;ok;;P07-R16
P07-V0296;7296;ТР 455 78;VOLGABUS 627102;extra_big;diesel;P07;ok;;P07-R16
P07-V0297;7297;ХУ 226 198;VOLGABUS 627102;extra_big;diesel;P07;ok;;P07-R06
P07-V0298;7298;СА 867 98;VOLGABUS 627102;extra_big;diesel;P07;ok;;P07-R16
P07-V0299;7299;ВТ 978 198;VOLGABUS 627102;extra_big;diesel;P07;ok;;P07-R06
P07-V0300;7300;АА 645 178;VOLGABUS 627102;extra_big;diesel;P07;ok;;
P07-V0301;7301;УМ 982 198;VOLGABUS 627102;extra_big;diesel;P07;ok;;
P07-V0302;7302;УЕ 141 78;VOLGABUS 627102;extra_big;diesel;P07;ok;;
P07-V0303;7303;НЕ 079 198;VOLGABUS 627102;extra_big;diesel;P07;ok;;P07-R16
P07-V0304;7304;СР 943 198;VOLGABUS 627102;extra_big;diesel;P07;ok;;
P07-V0305;7305;СК 140 178;VOLGABUS 627102;extra_big;diesel;P07;ok;;
P07-V0306;7306;НЕ 077 98;VOLGABUS 627102;extra_big;diesel;P07;ok;;P07-R02
P07-V0307;7307;НТ 198 198;VOLGABUS 627102;extra_big;diesel;P07;repair;4;
P07-V0308;7308;ВА 425 98;VOLGABUS 627102;extra_big;diesel;P07;ok;;P07-R11
P07-V0309;7309;АЕ 135 98;VOLGABUS 627102;extra_big;diesel;P07;ok;;P07-R06
P07-V0310;7310;АО 209 78;VOLGABUS 627102;extra_big;diesel;P07;repair;3;
P07-V0311;7311;МЕ 758 198;VOLGABUS 627102;extra_big;diesel;P07;ok;;P07-R06
P07-V0312;7312;КВ 493 178;VOLGABUS 627102;extra_big;diesel;P07;ok;;
P07-V0313;7313;КХ 045 78;VOLGABUS 627102;extra_big;diesel;P07;ok;;P07-R16
P07-V0314;7314;ТН 204 78;VOLGABUS 627102;extra_big;diesel;P07;repair;6;P07-R02
P07-V0315;7315;ОМ 362 98;VOLGABUS 627102;extra_big;diesel;P07;ok;;P07-R16
P07-V0316;7316;РЕ 948 98;VOLGABUS 627102;extra_big;diesel;P07;ok;;P07-R06
P07-V0317;7317;АМ 374 98;VOLGABUS 627102;extra_big;diesel;P07;ok;;P07-R11
P07-V0318;7318;ЕА 209 98;VOLGABUS 627102;extra_big;diesel;P07;ok;;
P07-V0319;7319;УМ 992 198;VOLGABUS 627102;extra_big;diesel;P07;ok;;P07-R11
P07-V0320;7320;ВЕ 804 198;VOLGABUS 627102;extra_big;diesel;P07;ok;;P07-R02
P07-V0321;7321;ХО 486 78;VOLGABUS 627102;extra_big;diesel;P07;ok;;P07-R02
P07-V0322;7322;ВС 492 178;VOLGABUS 627102;extra_big;diesel;P07;ok;;P07-R16
P07-V0323;7323;МУ 134 98;VOLGABUS 627102;extra_big;diesel;P07;ok;;P07-R06
P07-V0324;7324;ВМ 907 78;VOLGABUS 627102;extra_big;diesel;P07;ok;;
P07-V0325;7325;СК 365 178;VOLGABUS 627102;extra_big;diesel;P07;ok;;P07-R16
P07-V0326;7326;ОС 328 198;VOLGABUS 627102;extra_big;diesel;P07;ok;;P07-R16
P07-V0327;7327;ЕУ 192 198;VOLGABUS 627102;extra_big;diesel;P07;maintenance;1;P07-R16
P07-V0328;7328;ТО 750 78;VOLGABUS 627102;extra_big;diesel;P07;ok;;P07-R02
P07-V0329;7329;РА 646 178;VOLGABUS 627102;extra_big;diesel;P07;ok;;
P07-V0330;7330;МК 469 98;VOLGABUS 627102;extra_big;diesel;P07;ok;;P07-R02
P07-V0331;7331;ХС 916 78;VOLGABUS 627102;extra_big;diesel;P07;ok;;P07-R11
P07-V0332;7332;НО 031 178;VOLGABUS 627102;extra_big;diesel;P07;ok;;P07-R06
P07-V0333;7333;КВ 808 198;VOLGABUS 627102;extra_big;diesel;P07;ok;;P07-R06
P07-V0334;7334;СО 778 178;VOLGABUS 627102;extra_big;diesel;P07;ok;;
P07-V0335;7335;ВЕ 539 78;VOLGABUS 627102;extra_big;diesel;P07;ok;;P07-R06
P07-V0336;7336;ЕТ 828 178;VOLGABUS 627102;extra_big;diesel;P07;ok;;P07-R11
P07-V0337;7337;КК 146 178;VOLGABUS 627102;extra_big;diesel;P07;maintenance;1;
P07-V0338;7338;НХ 152 198;VOLGABUS 627102;extra_big;diesel;P07;ok;;
P07-V0339;7339;ЕХ 332 98;VOLGABUS 627102;extra_big;diesel;P07;ok;;P07-R02
P07-V0340;7340;КТ 359 198;VOLGABUS 627102;extra_big;diesel;P07;ok;;P07-R06
P07-V0341;7341;ВМ 293 198;VOLGABUS 627102;extra_big;diesel;P07;ok;;P07-R16
P07-V0342;7342;РС 994 78;VOLGABUS 627102;extra_big;diesel;P07;ok;;P07-R11
P07-V0343;7343;АН 046 98;VOLGABUS 627102;extra_big;diesel;P07;ok;;P07-R16
P07-V0344;7344;КН 584 178;VOLGABUS 627102;extra_big;diesel;P07;ok;;P07-R11
P07-V0345;7345;КТ 883 98;VOLGABUS 627102;extra_big;diesel;P07;ok;;P07-R11
P07-V0346;7346;НН 848 78;VOLGABUS 627102;extra_big;diesel;P07;ok;;P07-R11
P07-V0347;7347;ТА 760 178;VOLGABUS 627102;extra_big;diesel;P07;ok;;P07-R06
P07-V0348;7348;РА 680 78;VOLGABUS 627102;extra_big;diesel;P07;ok;;P07-R06
P07-V0349;7349;СА 138 198;VOLGABUS 627102;extra_big;diesel;P07;ok;;P07-R02
P07-V0350;7350;УТ 122 178;VOLGABUS 627102;extra_big;diesel;P07;ok;;P07-R11
P07-V0351;7351;ХЕ 754 178;VOLGABUS 627102;extra_big;diesel;P07;maintenance;1;P07-R16
P07-V0352;7352;РК 477 98;VOLGABUS 627102;extra_big;diesel;P07;ok;;P07-R06
P07-V0353;7353;ХА 232 78;VOLGABUS 627102;extra_big;diesel;P07;ok;;
P07-V0354;7354;УХ 583 178;VOLGABUS 627102;extra_big;diesel;P07;ok;;P07-R02
P07-V0355;7355;КС 673 178;VOLGABUS 627102;extra_big;diesel;P07;ok;;
P07-V0356;7356;ВН 200 98;VOLGABUS 627102;extra_big;diesel;P07;ok;;P07-R11
P07-V0357;7357;ВТ 391 78;VOLGABUS 627102;extra_big;diesel;P07;maintenance;1;P07-R06
P07-V0358;7358;ЕМ 959 178;VOLGABUS 627102;extra_big;diesel;P07;ok;;P07-R06
P07-V0359;7359;УР 041 198;VOLGABUS 627102;extra_big;diesel;P07;repair;2;P07-R02
P07-V0360;7360;НТ 345 78;VOLGABUS 627102;extra_big;diesel;P07;ok;;P07-R06
P07-V0361;7361;АУ 904 198;VOLGABUS 627102;extra_big;diesel;P07;repair;1;P07-R16
P07-V0362;7362;МО 968 98;VOLGABUS 627102;extra_big;diesel;P07;ok;;P07-R16
P07-V0363;7363;ВХ 661 198;VOLGABUS 627102;extra_big;diesel;P07;ok;;
P07-V0364;7364;КУ 240 178;VOLGABUS 627102;extra_big;diesel;P07;ok;;
P07-V0365;7365;АХ 189 198;VOLGABUS 627102;extra_big;diesel;P07;ok;;P07-R11
P07-V0366;7366;АХ 840 78;VOLGABUS 627102;extra_big;diesel;P07;ok;;P07-R16
P07-V0367;7367;ХС 668 98;VOLGABUS 627102;extra_big;diesel;P07;ok;;P07-R11
P07-V0368;7368;УН 317 198;VOLGABUS 627102;extra_big;diesel;P07;ok;;
P07-V0369;7369;ЕЕ 199 198;VOLGABUS 627102;extra_big;diesel;P07;ok;;P07-R16
P07-V0370;7370;РМ 239 78;VOLGABUS 627102;extra_big;diesel;P07;ok;;
P07-V0371;7371;КТ 395 198;VOLGABUS 627102;extra_big;diesel;P07;ok;;P07-R02
P07-V0372;7372;КР 034 198;VOLGABUS 627102;extra_big;diesel;P07;ok;;P07-R06
P07-V0373;7373;АК 846 198;VOLGABUS 627102;extra_big;diesel;P07;ok;;P07-R02
P07-V0374;7374;КК 073 178;VOLGABUS 627102;extra_big;diesel;P07;ok;;
P07-V0375;7375;КХ 170 78;VOLGABUS 627102;extra_big;diesel;P07;ok;;P07-R11
P07-V0376;7376;ЕН 736 198;VOLGABUS 627102;extra_big;diesel;P07;ok;;P07-R11
P07-V0377;7377;НУ 322 178;VOLGABUS 627102;extra_big;diesel;P07;ok;;
P07-V0378;7378;ХМ 736 98;VOLGABUS 627105;extra_big;diesel;P07;ok;;P07-R06
P07-V0379;7379;АР 977 198;VOLGABUS 627105;extra_big;diesel;P07;ok;;
P07-V0380;7380;РХ 120 178;VOLGABUS 627105;extra_big;diesel;P07;ok;;
P07-V0381;7381;НС 375 98;VOLGABUS 627105;extra_big;diesel;P07;ok;;
P07-V0382;7382;КЕ 851 98;VOLGABUS 627105;extra_big;diesel;P07;repair;1;P07-R16
P07-V0383;7383;РЕ 365 98;VOLGABUS 627105;extra_big;diesel;P07;ok;;
P07-V0384;7384;КЕ 845 98;VOLGABUS 627105;extra_big;diesel;P07;ok;;P07-R16
P07-V0385;7385;НВ 049 198;VOLGABUS 627105;extra_big;diesel;P07;ok;;P07-R02
P07-V0386;7386;ЕК 048 198;VOLGABUS 627105;extra_big;diesel;P07;ok;;P07-R06
P07-V0387;7387;УУ 906 178;VOLGABUS 627105;extra_big;diesel;P07;ok;;P07-R11
P07-V0388;7388;СО 113 98;VOLGABUS 627105;extra_big;diesel;P07;ok;;P07-R06
P07-V0389;7389;НН 548 98;VOLGABUS 627105;extra_big;diesel;P07;ok;;
P07-V0390;7390;ЕК 293 78;VOLGABUS 627105;extra_big;diesel;P07;ok;;P07-R06
P07-V0391;7391;НН 831 78;VOLGABUS 627105;extra_big;diesel;P07;ok;;P07-R16
P07-V0392;7392;ТУ 298 178;VOLGABUS 627105;extra_big;diesel;P07;ok;;P07-R11
P07-V0393;7393;УО 646 198;VOLGABUS 627105;extra_big;diesel;P07;ok;;P07-R16
P07-V0394;7394;ЕМ 033 98;VOLGABUS 627105;extra_big;diesel;P07;repair;1;P07-R02
P07-V0395;7395;РХ 094 78;VOLGABUS 627105;extra_big;diesel;P07;ok;;P07-R11
P07-V0396;7396;СО 833 98;VOLGABUS 627105;extra_big;diesel;P07;ok;;P07-R06
P07-V0397;7397;АТ 591 178;VOLGABUS 627105;extra_big;diesel;P07;ok;;P07-R02
P07-V0398;7398;РС 428 98;VOLGABUS 627105;extra_big;diesel;P07;ok;;P07-R06
P07-V0399;7399;МЕ 506 98;VOLGABUS 627105;extra_big;diesel;P07;ok;;P07-R16
P07-V0400;7400;КК 415 98;VOLGABUS 627105;extra_big;diesel;P07;ok;;P07-R16
P07-V0401;7401;ВХ 613 198;VOLGABUS 627105;extra_big;diesel;P07;ok;;
P07-V0402;7402;ЕС 085 78;VOLGABUS 627105;extra_big;diesel;P07;ok;;P07-R02
P07-V0403;7403;ВМ 043 178;VOLGABUS 627105;extra_big;diesel;P07;ok;;P07-R06
P07-V0404;7404;УК 112 98;VOLGABUS 627105;extra_big;diesel;P07;ok;;P07-R11
P07-V0405;7405;ОТ 043 98;VOLGABUS 627105;extra_big;diesel;P07;ok;;
P07-V0406;7406;ОА 396 98;VOLGABUS 627105;extra_big;diesel;P07;ok;;
P07-V0407;7407;ХВ 603 198;VOLGABUS 627105;extra_big;diesel;P07;ok;;P07-R02
P07-V0408;7408;ВА 548 198;VOLGABUS 627105;extra_big;diesel;P07;ok;;P07-R06
P07-V0409;7409;ЕН 666 178;VOLGABUS 627105;extra_big;diesel;P07;ok;;P07-R11
P07-V0410;7410;РВ 298 198;VOLGABUS 627105;extra_big;diesel;P07;ok;;
P07-V0411;7411;ХК 958 198;VOLGABUS 627105;extra_big;diesel;P07;ok;;P07-R06
P07-V0412;7412;АХ 611 178;VOLGABUS 627105;extra_big;diesel;P07;ok;;P07-R16
P07-V0413;7413;ОР 544 98;VOLGABUS 627105;extra_big;diesel;P07;ok;;P07-R11
P07-V0414;7414;НС 639 178;VOLGABUS 627105;extra_big;diesel;P07;ok;;P07-R16
P07-V0415;7415;НО 207 98;VOLGABUS 627105;extra_big;diesel;P07;ok;;P07-R02
P07-V0416;7416;УМ 180 198;VOLGABUS 627105;extra_big;diesel;P07;ok;;P07-R16
P07-V0417;7417;КВ 095 78;VOLGABUS 627105;extra_big;diesel;P07;ok;;P07-R02
P07-V0418;7418;НМ 730 98;VOLGABUS 627105;extra_big;diesel;P07;ok;;P07-R11
P07-V0419;7419;ЕА 414 78;VOLGABUS 627105;extra_big;diesel;P07;ok;;P07-R16
P07-V0420;7420;АР 321 98;VOLGABUS 627105;extra_big;diesel;P07;ok;;P07-R02
