id;duty_id;order;start;end;start_place
P07-R01-WE01-S1;P07-R01-WE01;1;08:00;16:50;park
P07-R01-WE02-S1;P07-R01-WE02;1;05:35;12:05;park
P07-R01-WE02-S2;P07-R01-WE02;2;12:05;18:35;line
P07-R01-WE02-S3;P07-R01-WE02;3;18:35;25:05;line
P07-R01-WE03-S1;P07-R01-WE03;1;08:50;17:35;park
P07-R01-WE04-S1;P07-R01-WE04;1;06:25;14:25;park
P07-R01-WE05-S1;P07-R01-WE05;1;06:40;14:50;park
P07-R01-WE05-S2;P07-R01-WE05;2;14:50;23:00;line
P07-R01-WE06-S1;P07-R01-WE06;1;06:00;14:05;park
P07-R01-WE07-S1;P07-R01-WE07;1;05:25;11:45;park
P07-R01-WE07-S2;P07-R01-WE07;2;11:45;18:05;line
P07-R01-WE07-S3;P07-R01-WE07;3;18:05;24:25;line
P07-R01-WE08-S1;P07-R01-WE08;1;05:45;13:55;park
P07-R01-WE08-S2;P07-R01-WE08;2;13:55;22:10;line
P07-R01-WE09-S1;P07-R01-WE09;1;07:00;14:40;park
P07-R01-WE09-S2;P07-R01-WE09;2;14:40;22:20;line
P07-R01-WE10-S1;P07-R01-WE10;1;07:00;15:15;park
P07-R01-WE10-S2;P07-R01-WE10;2;15:15;23:30;line
P07-R01-WE11-S1;P07-R01-WE11;1;08:40;17:15;park
P07-R01-WE12-S1;P07-R01-WE12;1;07:55;16:30;park
P07-R01-WE13-S1;P07-R01-WE13;1;08:45;17:55;park
P07-R02-WE01-S1;P07-R02-WE01;1;05:15;11:50;park
P07-R02-WE01-S2;P07-R02-WE01;2;11:50;18:25;line
P07-R02-WE01-S3;P07-R02-WE01;3;18:25;25:00;line
P07-R02-WE02-S1;P07-R02-WE02;1;05:00;11:45;park
P07-R02-WE02-S2;P07-R02-WE02;2;11:45;18:30;line
P07-R02-WE02-S3;P07-R02-WE02;3;18:30;25:25;line
P07-R02-WE03-S1;P07-R02-WE03;1;06:50;14:35;park
P07-R02-WE03-S2;P07-R02-WE03;2;14:35;22:25;line
P07-R02-WE04-S1;P07-R02-WE04;1;06:15;14:45;park
P07-R02-WE05-S1;P07-R02-WE05;1;05:00;12:50;park
P07-R02-WE05-S2;P07-R02-WE05;2;12:50;20:45;line
P07-R02-WE06-S1;P07-R02-WE06;1;05:00;13:10;park
P07-R02-WE06-S2;P07-R02-WE06;2;13:10;21:20;line
P07-R02-WE07-S1;P07-R02-WE07;1;05:20;11:55;park
P07-R02-WE07-S2;P07-R02-WE07;2;11:55;18:30;line
P07-R02-WE07-S3;P07-R02-WE07;3;18:30;25:15;line
P07-R02-WE08-S1;P07-R02-WE08;1;06:45;14:55;park
P07-R02-WE09-S1;P07-R02-WE09;1;05:20;12:05;park
P07-R02-WE09-S2;P07-R02-WE09;2;12:05;18:50;line
P07-R02-WE09-S3;P07-R02-WE09;3;18:50;25:40;line
P07-R02-WE10-S1;P07-R02-WE10;1;05:05;13:15;park
P07-R02-WE10-S2;P07-R02-WE10;2;13:15;21:25;line
P07-R02-WE11-S1;P07-R02-WE11;1;08:45;17:15;park
P07-R02-WE12-S1;P07-R02-WE12;1;05:10;13:05;park
P07-R02-WE12-S2;P07-R02-WE12;2;13:05;21:00;line
P07-R02-WE13-S1;P07-R02-WE13;1;06:20;14:05;park
P07-R02-WE13-S2;P07-R02-WE13;2;14:05;21:50;line
P07-R02-WE14-S1;P07-R02-WE14;1;05:30;12:00;park
P07-R02-WE14-S2;P07-R02-WE14;2;12:00;18:30;line
P07-R02-WE14-S3;P07-R02-WE14;3;18:30;25:00;line
P07-R02-WE15-S1;P07-R02-WE15;1;05:35;12:20;park
P07-R02-WE15-S2;P07-R02-WE15;2;12:20;19:05;line
P07-R02-WE15-S3;P07-R02-WE15;3;19:05;25:55;line
P07-R02-WE16-S1;P07-R02-WE16;1;05:00;13:00;park
P07-R02-WE16-S2;P07-R02-WE16;2;13:00;21:05;line
P07-R02-WE17-S1;P07-R02-WE17;1;06:15;14:20;park
P07-R02-WE17-S2;P07-R02-WE17;2;14:20;22:30;line
P07-R02-WE18-S1;P07-R02-WE18;1;05:45;14:10;park
P07-R02-WE18-S2;P07-R02-WE18;2;14:10;22:35;line
P07-R02-WE19-S1;P07-R02-WE19;1;06:20;15:45;park
P07-R03-WE01-S1;P07-R03-WE01;1;08:10;17:35;park
P07-R03-WE02-S1;P07-R03-WE02;1;05:35;12:20;park
P07-R03-WE02-S2;P07-R03-WE02;2;12:20;19:05;line
P07-R03-WE02-S3;P07-R03-WE02;3;19:05;26:00;line
P07-R03-WE03-S1;P07-R03-WE03;1;06:55;16:10;park
P07-R03-WE04-S1;P07-R03-WE04;1;05:20;12:05;park
P07-R03-WE04-S2;P07-R03-WE04;2;12:05;18:50;line
P07-R03-WE04-S3;P07-R03-WE04;3;18:50;25:35;line
P07-R04-WE01-S1;P07-R04-WE01;1;04:50;11:25;park
P07-R04-WE01-S2;P07-R04-WE01;2;11:25;18:00;line
P07-R04-WE01-S3;P07-R04-WE01;3;18:00;24:35;line
P07-R04-WE02-S1;P07-R04-WE02;1;05:55;15:00;park
P07-R04-WE03-S1;P07-R04-WE03;1;05:10;13:30;park
P07-R04-WE03-S2;P07-R04-WE03;2;13:30;21:50;line
P07-R04-WE04-S1;P07-R04-WE04;1;05:20;12:10;park
P07-R04-WE04-S2;P07-R04-WE04;2;12:10;19:00;line
P07-R04-WE04-S3;P07-R04-WE04;3;19:00;25:50;line
P07-R04-WE05-S1;P07-R04-WE05;1;07:55;16:30;park
P07-R04-WE06-S1;P07-R04-WE06;1;05:30;12:15;park
P07-R04-WE06-S2;P07-R04-WE06;2;12:15;19:00;line
P07-R04-WE06-S3;P07-R04-WE06;3;19:00;25:45;line
P07-R04-WE07-S1;P07-R04-WE07;1;05:35;14:00;park
P07-R04-WE08-S1;P07-R04-WE08;1;05:05;13:15;park
P07-R04-WE08-S2;P07-R04-WE08;2;13:15;21:25;line
P07-R04-WE09-S1;P07-R04-WE09;1;05:25;13:05;park
P07-R04-WE09-S2;P07-R04-WE09;2;13:05;20:50;line
P07-R04-WE10-S1;P07-R04-WE10;1;06:55;16:25;park
P07-R04-WE11-S1;P07-R04-WE11;1;05:20;11:55;park
P07-R04-WE11-S2;P07-R04-WE11;2;11:55;18:30;line
P07-R04-WE11-S3;P07-R04-WE11;3;18:30;25:10;line
P07-R04-WE12-S1;P07-R04-WE12;1;05:05;11:25;park
P07-R04-WE12-S2;P07-R04-WE12;2;11:25;17:45;line
P07-R04-WE12-S3;P07-R04-WE12;3;17:45;24:10;line
P07-R04-WE13-S1;P07-R04-WE13;1;04:55;11:35;park
P07-R04-WE13-S2;P07-R04-WE13;2;11:35;18:15;line
P07-R04-WE13-S3;P07-R04-WE13;3;18:15;25:00;line
P07-R04-WE14-S1;P07-R04-WE14;1;06:20;14:25;park
P07-R04-WE14-S2;P07-R04-WE14;2;14:25;22:30;line
P07-R05-WE01-S1;P07-R05-WE01;1;08:05;16:10;park
P07-R05-WE02-S1;P07-R05-WE02;1;05:35;12:20;park
P07-R05-WE02-S2;P07-R05-WE02;2;12:20;19:05;line
P07-R05-WE02-S3;P07-R05-WE02;3;19:05;26:00;line
P07-R05-WE03-S1;P07-R05-WE03;1;06:40;14:25;park
P07-R05-WE03-S2;P07-R05-WE03;2;14:25;22:15;line
P07-R05-WE04-S1;P07-R05-WE04;1;04:50;11:20;park
P07-R05-WE04-S2;P07-R05-WE04;2;11:20;17:50;line
P07-R05-WE04-S3;P07-R05-WE04;3;17:50;24:20;line
P07-R05-WE05-S1;P07-R05-WE05;1;07:00;15:00;park
P07-R05-WE05-S2;P07-R05-WE05;2;15:00;23:00;line
P07-R05-WE06-S1;P07-R05-WE06;1;05:45;13:20;park
P07-R05-WE06-S2;P07-R05-WE06;2;13:20;21:00;line
P07-R05-WE07-S1;P07-R05-WE07;1;07:00;14:55;park
P07-R05-WE07-S2;P07-R05-WE07;2;14:55;22:50;line
P07-R05-WE08-S1;P07-R05-WE08;1;08:55;17:00;park
P07-R05-WE09-S1;P07-R05-WE09;1;05:15;12:00;park
P07-R05-WE09-S2;P07-R05-WE09;2;12:00;18:45;line
P07-R05-WE09-S3;P07-R05-WE09;3;18:45;25:30;line
P07-R05-WE10-S1;P07-R05-WE10;1;05:30;12:00;park
P07-R05-WE10-S2;P07-R05-WE10;2;12:00;18:30;line
P07-R05-WE10-S3;P07-R05-WE10;3;18:30;25:10;line
P07-R05-WE11-S1;P07-R05-WE11;1;08:00;16:45;park
P07-R05-WE12-S1;P07-R05-WE12;1;07:55;16:30;park
P07-R05-WE13-S1;P07-R05-WE13;1;05:15;11:50;park
P07-R05-WE13-S2;P07-R05-WE13;2;11:50;18:25;line
P07-R05-WE13-S3;P07-R05-WE13;3;18:25;25:00;line
P07-R05-WE14-S1;P07-R05-WE14;1;05:00;11:45;park
P07-R05-WE14-S2;P07-R05-WE14;2;11:45;18:30;line
P07-R05-WE14-S3;P07-R05-WE14;3;18:30;25:25;line
P07-R05-WE15-S1;P07-R05-WE15;1;08:00;16:20;park
P07-R05-WE16-S1;P07-R05-WE16;1;06:05;14:05;park
P07-R05-WE17-S1;P07-R05-WE17;1;06:25;14:05;park
P07-R05-WE17-S2;P07-R05-WE17;2;14:05;21:45;line
P07-R05-WE18-S1;P07-R05-WE18;1;05:15;11:35;park
P07-R05-WE18-S2;P07-R05-WE18;2;11:35;17:55;line
P07-R05-WE18-S3;P07-R05-WE18;3;17:55;24:15;line
P07-R06-WE01-S1;P07-R06-WE01;1;05:00;13:05;park
P07-R06-WE01-S2;P07-R06-WE01;2;13:05;21:10;line
P07-R06-WE02-S1;P07-R06-WE02;1;05:35;12:00;park
P07-R06-WE02-S2;P07-R06-WE02;2;12:00;18:25;line
P07-R06-WE02-S3;P07-R06-WE02;3;18:25;25:00;line
P07-R06-WE03-S1;P07-R06-WE03;1;05:05;11:45;park
P07-R06-WE03-S2;P07-R06-WE03;2;11:45;18:25;line
P07-R06-WE03-S3;P07-R06-WE03;3;18:25;25:05;line
P07-R06-WE04-S1;P07-R06-WE04;1;05:40;12:15;park
P07-R06-WE04-S2;P07-R06-WE04;2;12:15;18:50;line
P07-R06-WE04-S3;P07-R06-WE04;3;18:50;25:30;line
P07-R06-WE05-S1;P07-R06-WE05;1;07:25;16:05;park
P07-R06-WE06-S1;P07-R06-WE06;1;05:25;13:30;park
P07-R06-WE06-S2;P07-R06-WE06;2;13:30;21:35;line
P07-R06-WE07-S1;P07-R06-WE07;1;05:55;13:25;park
P07-R06-WE07-S2;P07-R06-WE07;2;13:25;21:00;line
P07-R06-WE08-S1;P07-R06-WE08;1;04:55;11:35;park
P07-R06-WE08-S2;P07-R06-WE08;2;11:35;18:15;line
P07-R06-WE08-S3;P07-R06-WE08;3;18:15;25:00;line
P07-R06-WE09-S1;P07-R06-WE09;1;05:45;13:50;park
P07-R06-WE10-S1;P07-R06-WE10;1;06:30;15:30;park
P07-R06-WE11-S1;P07-R06-WE11;1;05:35;13:30;park
P07-R06-WE11-S2;P07-R06-WE11;2;13:30;21:25;line
P07-R06-WE12-S1;P07-R06-WE12;1;05:05;11:30;park
P07-R06-WE12-S2;P07-R06-WE12;2;11:30;17:55;line
P07-R06-WE12-S3;P07-R06-WE12;3;17:55;24:30;line
P07-R06-WE13-S1;P07-R06-WE13;1;05:15;11:50;park
P07-R06-WE13-S2;P07-R06-WE13;2;11:50;18:25;line
P07-R06-WE13-S3;P07-R06-WE13;3;18:25;25:10;line
P07-R06-WE14-S1;P07-R06-WE14;1;05:30;12:15;park
P07-R06-WE14-S2;P07-R06-WE14;2;12:15;19:00;line
P07-R06-WE14-S3;P07-R06-WE14;3;19:00;25:50;line
P07-R06-WE15-S1;P07-R06-WE15;1;06:10;13:45;park
P07-R06-WE15-S2;P07-R06-WE15;2;13:45;21:20;line
P07-R06-WE16-S1;P07-R06-WE16;1;04:55;11:40;park
P07-R06-WE16-S2;P07-R06-WE16;2;11:40;18:25;line
P07-R06-WE16-S3;P07-R06-WE16;3;18:25;25:10;line
P07-R06-WE17-S1;P07-R06-WE17;1;08:10;17:40;park
P07-R06-WE18-S1;P07-R06-WE18;1;05:55;14:50;park
P07-R06-WE19-S1;P07-R06-WE19;1;06:20;15:10;park
P07-R06-WE20-S1;P07-R06-WE20;1;08:10;17:35;park
P07-R06-WE21-S1;P07-R06-WE21;1;07:25;15:25;park
P07-R07-WE01-S1;P07-R07-WE01;1;06:45;14:15;park
P07-R07-WE01-S2;P07-R07-WE01;2;14:15;21:50;line
P07-R07-WE02-S1;P07-R07-WE02;1;05:40;13:40;park
P07-R07-WE02-S2;P07-R07-WE02;2;13:40;21:45;line
P07-R07-WE03-S1;P07-R07-WE03;1;08:55;17:55;park
P07-R07-WE04-S1;P07-R07-WE04;1;05:05;11:40;park
P07-R07-WE04-S2;P07-R07-WE04;2;11:40;18:15;line
P07-R07-WE04-S3;P07-R07-WE04;3;18:15;24:55;line
P07-R07-WE05-S1;P07-R07-WE05;1;05:00;11:35;park
P07-R07-WE05-S2;P07-R07-WE05;2;11:35;18:10;line
P07-R07-WE05-S3;P07-R07-WE05;3;18:10;24:45;line
P07-R07-WE06-S1;P07-R07-WE06;1;06:50;15:15;park
P07-R07-WE06-S2;P07-R07-WE06;2;15:15;23:45;line
P07-R07-WE07-S1;P07-R07-WE07;1;08:00;17:20;park
P07-R07-WE08-S1;P07-R07-WE08;1;05:45;13:20;park
P07-R07-WE08-S2;P07-R07-WE08;2;13:20;20:55;line
P07-R07-WE09-S1;P07-R07-WE09;1;05:35;12:15;park
P07-R07-WE09-S2;P07-R07-WE09;2;12:15;18:55;line
P07-R07-WE09-S3;P07-R07-WE09;3;18:55;25:35;line
P07-R07-WE10-S1;P07-R07-WE10;1;05:20;12:00;park
P07-R07-WE10-S2;P07-R07-WE10;2;12:00;18:40;line
P07-R07-WE10-S3;P07-R07-WE10;3;18:40;25:25;line
P07-R07-WE11-S1;P07-R07-WE11;1;05:10;11:45;park
P07-R07-WE11-S2;P07-R07-WE11;2;11:45;18:20;line
P07-R07-WE11-S3;P07-R07-WE11;3;18:20;25:00;line
P07-R07-WE12-S1;P07-R07-WE12;1;05:25;12:00;park
P07-R07-WE12-S2;P07-R07-WE12;2;12:00;18:35;line
P07-R07-WE12-S3;P07-R07-WE12;3;18:35;25:15;line
P07-R07-WE13-S1;P07-R07-WE13;1;06:25;15:25;park
P07-R07-WE14-S1;P07-R07-WE14;1;06:00;14:00;park
P07-R07-WE14-S2;P07-R07-WE14;2;14:00;22:00;line
P07-R08-WE01-S1;P07-R08-WE01;1;07:00;15:05;park
P07-R08-WE02-S1;P07-R08-WE02;1;05:10;11:30;park
P07-R08-WE02-S2;P07-R08-WE02;2;11:30;17:50;line
P07-R08-WE02-S3;P07-R08-WE02;3;17:50;24:10;line
P07-R08-WE03-S1;P07-R08-WE03;1;07:00;15:00;park
P07-R08-WE03-S2;P07-R08-WE03;2;15:00;23:00;line
P07-R08-WE04-S1;P07-R08-WE04;1;05:25;12:05;park
P07-R08-WE04-S2;P07-R08-WE04;2;12:05;18:45;line
P07-R08-WE04-S3;P07-R08-WE04;3;18:45;25:35;line
P07-R08-WE05-S1;P07-R08-WE05;1;06:45;14:50;park
P07-R08-WE05-S2;P07-R08-WE05;2;14:50;22:55;line
P07-R08-WE06-S1;P07-R08-WE06;1;04:50;11:10;park
P07-R08-WE06-S2;P07-R08-WE06;2;11:10;17:30;line
P07-R08-WE06-S3;P07-R08-WE06;3;17:30;23:55;line
P07-R08-WE07-S1;P07-R08-WE07;1;04:55;11:35;park
P07-R08-WE07-S2;P07-R08-WE07;2;11:35;18:15;line
P07-R08-WE07-S3;P07-R08-WE07;3;18:15;25:05;line
P07-R08-WE08-S1;P07-R08-WE08;1;05:55;13:50;park
P07-R08-WE08-S2;P07-R08-WE08;2;13:50;21:50;line
P07-R08-WE09-S1;P07-R08-WE09;1;06:30;15:15;park
P07-R08-WE10-S1;P07-R08-WE10;1;05:30;13:20;park
P07-R08-WE10-S2;P07-R08-WE10;2;13:20;21:15;line
P07-R08-WE11-S1;P07-R08-WE11;1;06:40;14:20;park
P07-R08-WE11-S2;P07-R08-WE11;2;14:20;22:05;line
P07-R08-WE12-S1;P07-R08-WE12;1;06:40;15:00;park
P07-R08-WE12-S2;P07-R08-WE12;2;15:00;23:20;line
P07-R08-WE13-S1;P07-R08-WE13;1;08:45;17:05;park
P07-R08-WE14-S1;P07-R08-WE14;1;06:50;14:35;park
P07-R08-WE14-S2;P07-R08-WE14;2;14:35;22:20;line
P07-R08-WE15-S1;P07-R08-WE15;1;07:00;14:45;park
P07-R08-WE15-S2;P07-R08-WE15;2;14:45;22:30;line
P07-R08-WE16-S1;P07-R08-WE16;1;05:40;12:20;park
P07-R08-WE16-S2;P07-R08-WE16;2;12:20;19:00;line
P07-R08-WE16-S3;P07-R08-WE16;3;19:00;25:40;line
P07-R08-WE17-S1;P07-R08-WE17;1;06:10;14:40;park
P07-R08-WE17-S2;P07-R08-WE17;2;14:40;23:10;line
P07-R08-WE18-S1;P07-R08-WE18;1;08:50;17:10;park
P07-R08-WE19-S1;P07-R08-WE19;1;05:40;12:15;park
P07-R08-WE19-S2;P07-R08-WE19;2;12:15;18:50;line
P07-R08-WE19-S3;P07-R08-WE19;3;18:50;25:30;line
P07-R08-WE20-S1;P07-R08-WE20;1;06:00;15:15;park
P07-R08-WE21-S1;P07-R08-WE21;1;05:15;13:40;park
P07-R08-WE21-S2;P07-R08-WE21;2;13:40;22:10;line
P07-R08-WE22-S1;P07-R08-WE22;1;05:35;12:10;park
P07-R08-WE22-S2;P07-R08-WE22;2;12:10;18:45;line
P07-R08-WE22-S3;P07-R08-WE22;3;18:45;25:25;line
P07-R08-WE23-S1;P07-R08-WE23;1;06:05;14:35;park
P07-R09-WE01-S1;P07-R09-WE01;1;08:20;16:50;park
P07-R09-WE02-S1;P07-R09-WE02;1;09:00;18:10;park
P07-R09-WE03-S1;P07-R09-WE03;1;05:10;11:45;park
P07-R09-WE03-S2;P07-R09-WE03;2;11:45;18:20;line
P07-R09-WE03-S3;P07-R09-WE03;3;18:20;25:05;line
P07-R09-WE04-S1;P07-R09-WE04;1;06:15;14:30;park
P07-R09-WE04-S2;P07-R09-WE04;2;14:30;22:45;line
P07-R09-WE05-S1;P07-R09-WE05;1;08:40;17:35;park
P07-R09-WE06-S1;P07-R09-WE06;1;05:05;11:45;park
P07-R09-WE06-S2;P07-R09-WE06;2;11:45;18:25;line
P07-R09-WE06-S3;P07-R09-WE06;3;18:25;25:15;line
P07-R09-WE07-S1;P07-R09-WE07;1;06:00;13:45;park
P07-R09-WE07-S2;P07-R09-WE07;2;13:45;21:35;line
P07-R10-WE01-S1;P07-R10-WE01;1;05:50;14:10;park
P07-R10-WE02-S1;P07-R10-WE02;1;05:30;12:10;park
P07-R10-WE02-S2;P07-R10-WE02;2;12:10;18:50;line
P07-R10-WE02-S3;P07-R10-WE02;3;18:50;25:30;line
P07-R10-WE03-S1;P07-R10-WE03;1;06:55;15:30;park
P07-R10-WE04-S1;P07-R10-WE04;1;06:15;14:00;park
P07-R10-WE04-S2;P07-R10-WE04;2;14:00;21:45;line
P07-R10-WE05-S1;P07-R10-WE05;1;05:20;12:50;park
P07-R10-WE05-S2;P07-R10-WE05;2;12:50;20:20;line
P07-R10-WE06-S1;P07-R10-WE06;1;06:30;14:50;park
P07-R10-WE07-S1;P07-R10-WE07;1;06:30;14:10;park
P07-R10-WE07-S2;P07-R10-WE07;2;14:10;21:50;line
P07-R10-WE08-S1;P07-R10-WE08;1;07:35;16:35;park
P07-R10-WE09-S1;P07-R10-WE09;1;05:15;11:50;park
P07-R10-WE09-S2;P07-R10-WE09;2;11:50;18:25;line
P07-R10-WE09-S3;P07-R10-WE09;3;18:25;25:05;line
P07-R10-WE10-S1;P07-R10-WE10;1;08:15;17:25;park
P07-R11-WE01-S1;P07-R11-WE01;1;05:25;11:50;park
P07-R11-WE01-S2;P07-R11-WE01;2;11:50;18:15;line
P07-R11-WE01-S3;P07-R11-WE01;3;18:15;24:45;line
P07-R11-WE02-S1;P07-R11-WE02;1;05:30;12:10;park
P07-R11-WE02-S2;P07-R11-WE02;2;12:10;18:50;line
P07-R11-WE02-S3;P07-R11-WE02;3;18:50;25:30;line
P07-R11-WE03-S1;P07-R11-WE03;1;06:10;14:35;park
P07-R11-WE03-S2;P07-R11-WE03;2;14:35;23:00;line
P07-R11-WE04-S1;P07-R11-WE04;1;08:05;16:55;park
P07-R11-WE05-S1;P07-R11-WE05;1;05:10;11:50;park
P07-R11-WE05-S2;P07-R11-WE05;2;11:50;18:30;line
P07-R11-WE05-S3;P07-R11-WE05;3;18:30;25:20;line
P07-R11-WE06-S1;P07-R11-WE06;1;05:10;13:40;park
P07-R11-WE06-S2;P07-R11-WE06;2;13:40;22:10;line
P07-R11-WE07-S1;P07-R11-WE07;1;05:25;12:55;park
P07-R11-WE07-S2;P07-R11-WE07;2;12:55;20:25;line
P07-R11-WE08-S1;P07-R11-WE08;1;06:05;14:30;park
P07-R11-WE08-S2;P07-R11-WE08;2;14:30;22:55;line
P07-R11-WE09-S1;P07-R11-WE09;1;05:15;12:00;park
P07-R11-WE09-S2;P07-R11-WE09;2;12:00;18:45;line
P07-R11-WE09-S3;P07-R11-WE09;3;18:45;25:40;line
P07-R11-WE10-S1;P07-R11-WE10;1;06:55;15:30;park
P07-R11-WE11-S1;P07-R11-WE11;1;05:35;15:00;park
P07-R11-WE12-S1;P07-R11-WE12;1;06:45;15:05;park
P07-R11-WE12-S2;P07-R11-WE12;2;15:05;23:25;line
P07-R11-WE13-S1;P07-R11-WE13;1;05:25;13:30;park
P07-R11-WE13-S2;P07-R11-WE13;2;13:30;21:40;line
P07-R11-WE14-S1;P07-R11-WE14;1;05:35;14:05;park
P07-R11-WE14-S2;P07-R11-WE14;2;14:05;22:35;line
P07-R11-WE15-S1;P07-R11-WE15;1;05:15;11:35;park
P07-R11-WE15-S2;P07-R11-WE15;2;11:35;17:55;line
P07-R11-WE15-S3;P07-R11-WE15;3;17:55;24:15;line
P07-R11-WE16-S1;P07-R11-WE16;1;05:20;12:55;park
P07-R11-WE16-S2;P07-R11-WE16;2;12:55;20:30;line
P07-R11-WE17-S1;P07-R11-WE17;1;05:05;12:35;park
P07-R11-WE17-S2;P07-R11-WE17;2;12:35;20:10;line
P07-R11-WE18-S1;P07-R11-WE18;1;05:35;13:45;park
P07-R11-WE18-S2;P07-R11-WE18;2;13:45;21:55;line
P07-R11-WE19-S1;P07-R11-WE19;1;05:05;11:45;park
P07-R11-WE19-S2;P07-R11-WE19;2;11:45;18:25;line
P07-R11-WE19-S3;P07-R11-WE19;3;18:25;25:15;line
P07-R11-WE20-S1;P07-R11-WE20;1;07:25;16:05;park
P07-R11-WE21-S1;P07-R11-WE21;1;07:50;17:15;park
P07-R11-WE22-S1;P07-R11-WE22;1;05:35;13:45;park
P07-R11-WE22-S2;P07-R11-WE22;2;13:45;22:00;line
P07-R11-WE23-S1;P07-R11-WE23;1;06:45;15:00;park
P07-R12-WE01-S1;P07-R12-WE01;1;05:40;13:30;park
P07-R12-WE01-S2;P07-R12-WE01;2;13:30;21:20;line
P07-R12-WE02-S1;P07-R12-WE02;1;07:15;16:05;park
P07-R12-WE03-S1;P07-R12-WE03;1;05:25;13:15;park
P07-R12-WE03-S2;P07-R12-WE03;2;13:15;21:05;line
P07-R13-WE01-S1;P07-R13-WE01;1;06:35;14:40;park
P07-R13-WE01-S2;P07-R13-WE01;2;14:40;22:45;line
P07-R13-WE02-S1;P07-R13-WE02;1;05:30;12:00;park
P07-R13-WE02-S2;P07-R13-WE02;2;12:00;18:30;line
P07-R13-WE02-S3;P07-R13-WE02;3;18:30;25:10;line
P07-R13-WE03-S1;P07-R13-WE03;1;05:50;14:10;park
P07-R13-WE03-S2;P07-R13-WE03;2;14:10;22:35;line
P07-R13-WE04-S1;P07-R13-WE04;1;05:10;11:55;park
P07-R13-WE04-S2;P07-R13-WE04;2;11:55;18:40;line
P07-R13-WE04-S3;P07-R13-WE04;3;18:40;25:35;line
P07-R13-WE05-S1;P07-R13-WE05;1;06:25;14:20;park
P07-R13-WE05-S2;P07-R13-WE05;2;14:20;22:20;line
P07-R13-WE06-S1;P07-R13-WE06;1;05:35;15:05;park
P07-R13-WE07-S1;P07-R13-WE07;1;05:20;12:10;park
P07-R13-WE07-S2;P07-R13-WE07;2;12:10;19:00;line
P07-R13-WE07-S3;P07-R13-WE07;3;19:00;25:50;line
P07-R13-WE08-S1;P07-R13-WE08;1;06:20;14:55;park
P07-R14-WE01-S1;P07-R14-WE01;1;05:40;12:15;park
P07-R14-WE01-S2;P07-R14-WE01;2;12:15;18:50;line
P07-R14-WE01-S3;P07-R14-WE01;3;18:50;25:30;line
P07-R14-WE02-S1;P07-R14-WE02;1;05:15;11:40;park
P07-R14-WE02-S2;P07-R14-WE02;2;11:40;18:05;line
P07-R14-WE02-S3;P07-R14-WE02;3;18:05;24:40;line
P07-R14-WE03-S1;P07-R14-WE03;1;05:50;14:20;park
P07-R14-WE04-S1;P07-R14-WE04;1;05:20;12:05;park
P07-R14-WE04-S2;P07-R14-WE04;2;12:05;18:50;line
P07-R14-WE04-S3;P07-R14-WE04;3;18:50;25:35;line
P07-R14-WE05-S1;P07-R14-WE05;1;05:10;11:50;park
P07-R14-WE05-S2;P07-R14-WE05;2;11:50;18:30;line
P07-R14-WE05-S3;P07-R14-WE05;3;18:30;25:10;line
P07-R14-WE06-S1;P07-R14-WE06;1;05:20;13:40;park
P07-R14-WE06-S2;P07-R14-WE06;2;13:40;22:00;line
P07-R14-WE07-S1;P07-R14-WE07;1;04:55;11:35;park
P07-R14-WE07-S2;P07-R14-WE07;2;11:35;18:15;line
P07-R14-WE07-S3;P07-R14-WE07;3;18:15;25:05;line
P07-R15-WE01-S1;P07-R15-WE01;1;05:40;12:00;park
P07-R15-WE01-S2;P07-R15-WE01;2;12:00;18:20;line
P07-R15-WE01-S3;P07-R15-WE01;3;18:20;24:50;line
P07-R15-WE02-S1;P07-R15-WE02;1;05:15;12:05;park
P07-R15-WE02-S2;P07-R15-WE02;2;12:05;18:55;line
P07-R15-WE02-S3;P07-R15-WE02;3;18:55;25:45;line
P07-R15-WE03-S1;P07-R15-WE03;1;05:00;11:40;park
P07-R15-WE03-S2;P07-R15-WE03;2;11:40;18:20;line
P07-R15-WE03-S3;P07-R15-WE03;3;18:20;25:05;line
P07-R15-WE04-S1;P07-R15-WE04;1;07:40;16:15;park
P07-R15-WE05-S1;P07-R15-WE05;1;06:15;14:45;park
P07-R15-WE05-S2;P07-R15-WE05;2;14:45;23:15;line
P07-R16-WE01-S1;P07-R16-WE01;1;05:50;13:35;park
P07-R16-WE01-S2;P07-R16-WE01;2;13:35;21:25;line
P07-R16-WE02-S1;P07-R16-WE02;1;06:05;14:00;park
P07-R16-WE02-S2;P07-R16-WE02;2;14:00;22:00;line
P07-R16-WE03-S1;P07-R16-WE03;1;05:25;11:55;park
P07-R16-WE03-S2;P07-R16-WE03;2;11:55;18:25;line
P07-R16-WE03-S3;P07-R16-WE03;3;18:25;25:00;line
P07-R16-WE04-S1;P07-R16-WE04;1;06:50;15:05;park
P07-R16-WE04-S2;P07-R16-WE04;2;15:05;23:20;line
P07-R16-WE05-S1;P07-R16-WE05;1;05:25;13:25;park
P07-R16-WE05-S2;P07-R16-WE05;2;13:25;21:30;line
P07-R16-WE06-S1;P07-R16-WE06;1;06:20;14:05;park
P07-R16-WE06-S2;P07-R16-WE06;2;14:05;21:55;line
P07-R16-WE07-S1;P07-R16-WE07;1;05:50;13:20;park
P07-R16-WE07-S2;P07-R16-WE07;2;13:20;20:50;line
P07-R16-WE08-S1;P07-R16-WE08;1;05:15;13:30;park
P07-R16-WE08-S2;P07-R16-WE08;2;13:30;21:45;line
P07-R16-WE09-S1;P07-R16-WE09;1;05:55;14:10;park
P07-R16-WE09-S2;P07-R16-WE09;2;14:10;22:30;line
P07-R16-WE10-S1;P07-R16-WE10;1;05:20;13:25;park
P07-R16-WE10-S2;P07-R16-WE10;2;13:25;21:30;line
P07-R16-WE11-S1;P07-R16-WE11;1;07:30;16:35;park
P07-R16-WE12-S1;P07-R16-WE12;1;05:30;13:30;park
P07-R16-WE12-S2;P07-R16-WE12;2;13:30;21:30;line
P07-R16-WE13-S1;P07-R16-WE13;1;05:15;13:20;park
P07-R16-WE13-S2;P07-R16-WE13;2;13:20;21:25;line
P07-R16-WE14-S1;P07-R16-WE14;1;05:05;11:50;park
P07-R16-WE14-S2;P07-R16-WE14;2;11:50;18:35;line
P07-R16-WE14-S3;P07-R16-WE14;3;18:35;25:25;line
P07-R16-WE15-S1;P07-R16-WE15;1;07:40;16:30;park
P07-R16-WE16-S1;P07-R16-WE16;1;04:55;11:40;park
P07-R16-WE16-S2;P07-R16-WE16;2;11:40;18:25;line
P07-R16-WE16-S3;P07-R16-WE16;3;18:25;25:20;line
P07-R16-WE17-S1;P07-R16-WE17;1;05:05;11:30;park
P07-R16-WE17-S2;P07-R16-WE17;2;11:30;17:55;line
P07-R16-WE17-S3;P07-R16-WE17;3;17:55;24:20;line
P07-R16-WE18-S1;P07-R16-WE18;1;07:35;16:35;park
P07-R16-WE19-S1;P07-R16-WE19;1;05:30;13:45;park
P07-R16-WE19-S2;P07-R16-WE19;2;13:45;22:00;line
P07-R16-WE20-S1;P07-R16-WE20;1;06:10;14:45;park
P07-R16-WE21-S1;P07-R16-WE21;1;06:20;15:50;park
P07-R16-WE22-S1;P07-R16-WE22;1;05:40;12:00;park
P07-R16-WE22-S2;P07-R16-WE22;2;12:00;18:20;line
P07-R16-WE22-S3;P07-R16-WE22;3;18:20;24:50;line
P07-R17-WE01-S1;P07-R17-WE01;1;05:40;12:20;park
P07-R17-WE01-S2;P07-R17-WE01;2;12:20;19:00;line
P07-R17-WE01-S3;P07-R17-WE01;3;19:00;25:40;line
P07-R17-WE02-S1;P07-R17-WE02;1;05:15;11:35;park
P07-R17-WE02-S2;P07-R17-WE02;2;11:35;17:55;line
P07-R17-WE02-S3;P07-R17-WE02;3;17:55;24:20;line
P07-R17-WE03-S1;P07-R17-WE03;1;07:10;15:10;park
P07-R17-WE04-S1;P07-R17-WE04;1;06:05;13:35;park
P07-R17-WE04-S2;P07-R17-WE04;2;13:35;21:10;line
P07-R17-WE05-S1;P07-R17-WE05;1;07:00;15:05;park
P07-R17-WE06-S1;P07-R17-WE06;1;05:30;13:35;park
P07-R17-WE07-S1;P07-R17-WE07;1;08:45;18:10;park
P07-R17-WE08-S1;P07-R17-WE08;1;07:40;16:45;park
P07-R17-WE09-S1;P07-R17-WE09;1;06:55;16:00;park
P07-R17-WE10-S1;P07-R17-WE10;1;05:00;12:40;park
P07-R17-WE10-S2;P07-R17-WE10;2;12:40;20:20;line
P07-R17-WE11-S1;P07-R17-WE11;1;08:30;17:25;park
P07-R17-WE12-S1;P07-R17-WE12;1;06:00;15:20;park
P07-R17-WE13-S1;P07-R17-WE13;1;06:15;14:50;park
P07-R17-WE14-S1;P07-R17-WE14;1;05:00;11:25;park
P07-R17-WE14-S2;P07-R17-WE14;2;11:25;17:50;line
P07-R17-WE14-S3;P07-R17-WE14;3;17:50;24:15;line
P07-R18-WE01-S1;P07-R18-WE01;1;06:00;15:05;park
P07-R18-WE02-S1;P07-R18-WE02;1;08:55;17:15;park
P07-R18-WE03-S1;P07-R18-WE03;1;05:25;11:45;park
P07-R18-WE03-S2;P07-R18-WE03;2;11:45;18:05;line
P07-R18-WE03-S3;P07-R18-WE03;3;18:05;24:25;line
P07-R18-WE04-S1;P07-R18-WE04;1;05:05;11:50;park
P07-R18-WE04-S2;P07-R18-WE04;2;11:50;18:35;line
P07-R18-WE04-S3;P07-R18-WE04;3;18:35;25:20;line
P07-R18-WE05-S1;P07-R18-WE05;1;06:45;15:05;park
P07-R18-WE05-S2;P07-R18-WE05;2;15:05;23:30;line
P07-R18-WE06-S1;P07-R18-WE06;1;07:30;15:45;park
P07-R18-WE07-S1;P07-R18-WE07;1;05:40;13:50;park
P07-R18-WE07-S2;P07-R18-WE07;2;13:50;22:05;line
P07-R18-WE08-S1;P07-R18-WE08;1;06:10;13:55;park
P07-R18-WE08-S2;P07-R18-WE08;2;13:55;21:45;line
P07-R18-WE09-S1;P07-R18-WE09;1;06:55;15:00;park
P07-R18-WE10-S1;P07-R18-WE10;1;05:45;14:15;park
P07-R18-WE10-S2;P07-R18-WE10;2;14:15;22:45;line
P07-R18-WE11-S1;P07-R18-WE11;1;05:15;11:55;park
P07-R18-WE11-S2;P07-R18-WE11;2;11:55;18:35;line
P07-R18-WE11-S3;P07-R18-WE11;3;18:35;25:15;line
P07-R19-WE01-S1;P07-R19-WE01;1;05:45;13:30;park
P07-R19-WE01-S2;P07-R19-WE01;2;13:30;21:20;line
P07-R19-WE02-S1;P07-R19-WE02;1;08:15;16:20;park
P07-R19-WE03-S1;P07-R19-WE03;1;07:10;15:35;park
P07-R19-WE04-S1;P07-R19-WE04;1;07:30;15:45;park
P07-R19-WE05-S1;P07-R19-WE05;1;05:05;11:50;park
P07-R19-WE05-S2;P07-R19-WE05;2;11:50;18:35;line
P07-R19-WE05-S3;P07-R19-WE05;3;18:35;25:30;line
P07-R19-WE06-S1;P07-R19-WE06;1;05:15;12:00;park
P07-R19-WE06-S2;P07-R19-WE06;2;12:00;18:45;line
P07-R19-WE06-S3;P07-R19-WE06;3;18:45;25:35;line
P07-R19-WE07-S1;P07-R19-WE07;1;05:05;13:00;park
P07-R19-WE07-S2;P07-R19-WE07;2;13:00;20:55;line
P07-R19-WE08-S1;P07-R19-WE08;1;05:20;12:05;park
P07-R19-WE08-S2;P07-R19-WE08;2;12:05;18:50;line
P07-R19-WE08-S3;P07-R19-WE08;3;18:50;25:40;line
P07-R19-WE09-S1;P07-R19-WE09;1;06:45;15:30;park
P07-R19-WE10-S1;P07-R19-WE10;1;06:05;14:05;park
P07-R19-WE10-S2;P07-R19-WE10;2;14:05;22:10;line
P07-R19-WE11-S1;P07-R19-WE11;1;05:40;12:25;park
P07-R19-WE11-S2;P07-R19-WE11;2;12:25;19:10;line
P07-R19-WE11-S3;P07-R19-WE11;3;19:10;25:55;line
P07-RES-WE01-S1;P07-RES-WE01;1;05:45;13:45;park
P07-RES-WE02-S1;P07-RES-WE02;1;05:35;12:25;park
P07-RES-WE02-S2;P07-RES-WE02;2;12:25;19:15;park
P07-RES-WE02-S3;P07-RES-WE02;3;19:15;26:05;park
P07-RES-WE03-S1;P07-RES-WE03;1;05:15;11:35;park
P07-RES-WE03-S2;P07-RES-WE03;2;11:35;17:55;park
P07-RES-WE03-S3;P07-RES-WE03;3;17:55;24:15;park
P07-RES-WE04-S1;P07-RES-WE04;1;06:35;15:10;park
P07-RES-WE05-S1;P07-RES-WE05;1;07:20;16:05;park
P07-RES-WE06-S1;P07-RES-WE06;1;05:15;11:50;park
P07-RES-WE06-S2;P07-RES-WE06;2;11:50;18:25;park
P07-RES-WE06-S3;P07-RES-WE06;3;18:25;25:10;park
P07-RES-WE07-S1;P07-RES-WE07;1;07:15;16:20;park
P07-RES-WE08-S1;P07-RES-WE08;1;06:50;15:50;park
P07-RES-WE09-S1;P07-RES-WE09;1;05:30;13:50;park
P07-RES-WE10-S1;P07-RES-WE10;1;05:40;12:25;park
P07-RES-WE10-S2;P07-RES-WE10;2;12:25;19:10;park
P07-RES-WE10-S3;P07-RES-WE10;3;19:10;26:00;park
P07-RES-WE11-S1;P07-RES-WE11;1;06:10;14:05;park
P07-RES-WE11-S2;P07-RES-WE11;2;14:05;22:05;park
P07-RES-WE12-S1;P07-RES-WE12;1;04:55;11:30;park
P07-RES-WE12-S2;P07-RES-WE12;2;11:30;18:05;park
P07-RES-WE12-S3;P07-RES-WE12;3;18:05;24:40;park
P07-RES-WE13-S1;P07-RES-WE13;1;05:25;11:45;park
P07-RES-WE13-S2;P07-RES-WE13;2;11:45;18:05;park
P07-RES-WE13-S3;P07-RES-WE13;3;18:05;24:25;park
P07-RES-WE14-S1;P07-RES-WE14;1;05:35;12:00;park
P07-RES-WE14-S2;P07-RES-WE14;2;12:00;18:25;park
P07-RES-WE14-S3;P07-RES-WE14;3;18:25;25:00;park
P07-RES-WE15-S1;P07-RES-WE15;1;05:15;12:45;park
P07-RES-WE15-S2;P07-RES-WE15;2;12:45;20:20;park
P07-RES-WE16-S1;P07-RES-WE16;1;07:35;16:40;park
P07-RES-WE17-S1;P07-RES-WE17;1;06:35;15:05;park
P07-RES-WE18-S1;P07-RES-WE18;1;05:35;12:05;park
P07-RES-WE18-S2;P07-RES-WE18;2;12:05;18:35;park
P07-RES-WE18-S3;P07-RES-WE18;3;18:35;25:05;park
P07-RES-WE19-S1;P07-RES-WE19;1;06:45;16:05;park
